customer_id,name,dob,gender,city,phone_number,email,registration_date,loyalty_level,status
1,Abhishek Mishra,1975-01-03,male,Lucknow,9845600001,abhishek.mishra1@gmail.com,2022-04-17,3,1
2,Vihaan Tripathi,2005-03-12,male,Tiruchirappalli,9845600002,vihaan.tripathi2@gmail.com,2021-06-08,1,1
3,Priya Raj,1999-09-30,female,Chennai,9845600003,priya.raj3@gmail.com,2025-01-28,1,1
4,Anjali Iyer,1999-10-18,male,Bhopal,9845600004,anjali.iyer4@gmail.com,2026-06-06,5,0
5,Vignesh Balaji,1999-05-05,male,Delhi,9845600005,vignesh.balaji5@gmail.com,2022-01-04,5,1
6,Naveen Reddy,1962-11-13,female,Surat,9845600006,naveen.reddy6@gmail.com,2024-11-30,2,1
7,Akash Joseph,1974-10-02,female,Erode,9845600007,akash.joseph7@gmail.com,2021-09-16,1,1
8,Gayathri Sekar,1993-03-10,female,Hyderabad,9845600008,gayathri.sekar8@gmail.com,2023-02-21,3,1
9,Aarav Patel,1996-01-04,female,Pune,9845600009,aarav.patel9@gmail.com,2025-08-20,5,1
10,Lakshmi Kapoor,2005-09-27,male,Vijayawada,9845600010,lakshmi.kapoor10@gmail.com,2026-06-19,4,0
11,Lokesh Jain,1963-12-04,female,Rajkot,9845600011,lokesh.jain11@gmail.com,2024-09-23,3,1
12,Sneha Joseph,1992-09-20,female,Vadodara,9845600012,sneha.joseph12@gmail.com,2022-01-13,1,1
13,Naveen Subramanian,1982-01-16,male,Ahmedabad,9845600013,naveen.subramanian13@gmail.com,2025-12-25,3,0
14,Lokesh Pillai,1982-10-29,female,Jaipur,9845600014,lokesh.pillai14@gmail.com,2023-05-09,2,1
15,Harini Rao,1984-06-29,female,Chandigarh,9845600015,harini.rao15@gmail.com,2024-04-25,2,1
16,Bhavya Khan,1979-03-09,male,Tiruchirappalli,9845600016,bhavya.khan16@gmail.com,2022-10-12,4,1
17,Lakshmi Yadav,1998-01-19,male,Surat,9845600017,lakshmi.yadav17@gmail.com,2025-11-20,4,1
18,Senthil Raj,1992-11-10,female,Rajkot,9845600018,senthil.raj18@gmail.com,2022-12-27,1,1
19,Anu Joseph,2000-06-25,male,Pune,9845600019,anu.joseph19@gmail.com,2024-03-17,1,1
20,Sanjay Raman,1990-09-17,female,Lucknow,9845600020,sanjay.raman20@gmail.com,2022-10-21,1,1
21,Lokesh Ali,1968-06-27,male,Lucknow,9845600021,lokesh.ali21@gmail.com,2020-09-11,4,1
22,Surya Agarwal,1978-02-07,male,Bangalore,9845600022,surya.agarwal22@gmail.com,2024-11-21,1,1
23,Prakash Desai,1992-07-07,female,Noida,9845600023,prakash.desai23@gmail.com,2023-05-24,5,1
24,Vivaan Khan,1970-08-30,female,Tirunelveli,9845600024,vivaan.khan24@gmail.com,2022-04-27,1,1
25,Lokesh Arun,2007-01-16,male,Tiruchirappalli,9845600025,lokesh.arun25@gmail.com,2020-11-23,4,0
26,Riya Joseph,1990-07-01,male,Tiruchirappalli,9845600026,riya.joseph26@gmail.com,2023-10-22,1,1
27,Sanjay Nair,2001-04-14,female,Noida,9845600027,sanjay.nair27@gmail.com,2025-06-30,3,0
28,Pooja Kumar,1990-09-30,female,Kochi,9845600028,pooja.kumar28@gmail.com,2022-09-12,3,0
29,Yogesh Yadav,1964-11-29,female,Chennai,9845600029,yogesh.yadav29@gmail.com,2025-09-11,3,1
30,Nisha Gupta,1967-11-03,female,Hyderabad,9845600030,nisha.gupta30@gmail.com,2025-04-25,4,1
31,Sanjay Kapoor,1974-11-12,female,Visakhapatnam,9845600031,sanjay.kapoor31@gmail.com,2020-10-16,1,1
32,Prakash Naidu,2001-12-01,female,Bhopal,9845600032,prakash.naidu32@gmail.com,2026-07-27,5,1
33,Vaishnavi Das,1964-09-30,female,Mumbai,9845600033,vaishnavi.das33@gmail.com,2023-11-05,1,1
34,Ashwin Arun,1970-09-07,female,Kochi,9845600034,ashwin.arun34@gmail.com,2020-07-16,1,1
35,Anu Naidu,1996-10-19,female,Tiruchirappalli,9845600035,anu.naidu35@gmail.com,2023-11-29,4,0
36,Kishore Murugan,1988-08-10,female,Tiruchirappalli,9845600036,kishore.murugan36@gmail.com,2023-02-15,2,1
37,Aishwarya Rao,1998-04-14,male,Tiruchirappalli,9845600037,aishwarya.rao37@gmail.com,2025-06-09,1,1
38,Rohit Sharma,1996-09-30,female,Nashik,9845600038,rohit.sharma38@gmail.com,2021-06-22,2,1
39,Akhil Mishra,1998-12-23,female,Mumbai,9845600039,akhil.mishra39@gmail.com,2023-07-19,3,1
40,Ajay Krishnan,1985-04-12,male,Kolkata,9845600040,ajay.krishnan40@gmail.com,2026-02-02,1,1
41,Siva Bose,1968-01-01,female,Indore,9845600041,siva.bose41@gmail.com,2022-06-03,2,1
42,Karthik Bose,1995-11-20,male,Rajkot,9845600042,karthik.bose42@gmail.com,2025-09-26,2,1
43,Saravanan Patel,1988-07-15,male,Salem,9845600043,saravanan.patel43@gmail.com,2020-01-15,1,1
44,Aishwarya Reddy,1974-08-08,female,Kochi,9845600044,aishwarya.reddy44@gmail.com,2025-04-20,4,0
45,Ishita Sekar,1986-06-06,female,Salem,9845600045,ishita.sekar45@gmail.com,2022-11-28,5,1
46,Senthil Pandey,1991-01-01,male,Bhopal,9845600046,senthil.pandey46@gmail.com,2020-04-28,4,1
47,Harini Desai,1976-05-18,male,Kolkata,9845600047,harini.desai47@gmail.com,2024-11-19,4,1
48,Ishita Das,1971-09-18,female,Jaipur,9845600048,ishita.das48@gmail.com,2020-06-01,1,1
49,Ajay Srinivasan,1968-03-17,male,Erode,9845600049,ajay.srinivasan49@gmail.com,2023-03-15,4,0
50,Krishna Sharma,1975-12-15,female,Erode,9845600050,krishna.sharma50@gmail.com,2021-01-12,1,1
51,Vignesh Srinivasan,1963-04-18,male,Bhopal,9845600051,vignesh.srinivasan51@gmail.com,2022-09-09,5,1
52,Anjali Sharma,1986-12-08,male,Vijayawada,9845600052,anjali.sharma52@gmail.com,2024-11-22,5,1
53,Shruthi Gupta,1987-12-22,male,Noida,9845600053,shruthi.gupta53@gmail.com,2026-07-06,3,0
54,Saravanan Sharma,1961-04-13,male,Vijayawada,9845600054,saravanan.sharma54@gmail.com,2025-09-04,2,1
55,Vinod Kumar,2005-08-27,female,Erode,9845600055,vinod.kumar55@gmail.com,2022-07-05,1,1
56,Rakesh Sekar,1966-09-11,female,Visakhapatnam,9845600056,rakesh.sekar56@gmail.com,2022-04-28,3,1
57,Rohit Patel,1987-04-04,male,Ahmedabad,9845600057,rohit.patel57@gmail.com,2022-11-17,5,1
58,Vihaan Mukherjee,1985-05-15,male,Mysore,9845600058,vihaan.mukherjee58@gmail.com,2020-06-01,5,1
59,Riya Selvam,1974-12-29,male,Erode,9845600059,riya.selvam59@gmail.com,2020-02-29,5,1
60,Harini Verma,1988-06-20,male,Vadodara,9845600060,harini.verma60@gmail.com,2025-12-19,3,1
61,Anjali Malhotra,1977-11-18,male,Hyderabad,9845600061,anjali.malhotra61@gmail.com,2022-11-09,1,1
62,Neha Rao,2002-11-26,male,Ahmedabad,9845600062,neha.rao62@gmail.com,2026-01-23,5,1
63,Madhumitha Chauhan,1992-10-10,male,Hyderabad,9845600063,madhumitha.chauhan63@gmail.com,2020-06-20,1,1
64,Nisha Shetty,1965-05-11,male,Kolkata,9845600064,nisha.shetty64@gmail.com,2021-12-25,3,1
65,Shreya Khan,1990-07-07,male,Noida,9845600065,shreya.khan65@gmail.com,2020-06-05,5,1
66,Revathi Chauhan,1969-04-13,male,Gurgaon,9845600066,revathi.chauhan66@gmail.com,2025-07-27,5,1
67,Naveen Venkatesh,1993-06-30,male,Bhopal,9845600067,naveen.venkatesh67@gmail.com,2022-08-31,2,0
68,Ishita Murugan,1998-06-05,female,Vijayawada,9845600068,ishita.murugan68@gmail.com,2020-04-21,1,0
69,Kishore Desai,1995-07-17,female,Mumbai,9845600069,kishore.desai69@gmail.com,2025-07-15,1,1
70,Vinod Verma,1961-05-02,female,Noida,9845600070,vinod.verma70@gmail.com,2021-05-23,2,1
71,Sanjay Shetty,1995-10-04,female,Madurai,9845600071,sanjay.shetty71@gmail.com,2025-04-09,1,1
72,Mohan Fernandes,2000-09-18,male,Erode,9845600072,mohan.fernandes72@gmail.com,2021-05-14,3,1
73,Harini Pandey,1967-09-13,male,Hyderabad,9845600073,harini.pandey73@gmail.com,2024-01-25,1,1
74,Kishore Sharma,1986-02-28,male,Chandigarh,9845600074,kishore.sharma74@gmail.com,2020-07-04,2,1
75,Krishna Singh,2007-12-05,female,Kochi,9845600075,krishna.singh75@gmail.com,2020-11-13,4,1
76,Vinod Sharma,1985-02-21,male,Indore,9845600076,vinod.sharma76@gmail.com,2025-07-11,2,1
77,Ajay Tripathi,1985-05-21,female,Gurgaon,9845600077,ajay.tripathi77@gmail.com,2021-05-07,5,1
78,Keerthana Naidu,1959-02-18,male,Madurai,9845600078,keerthana.naidu78@gmail.com,2022-05-09,1,1
79,Aarav Raj,1977-09-07,male,Delhi,9845600079,aarav.raj79@gmail.com,2023-05-05,5,1
80,Prakash Bose,1990-11-28,female,Chennai,9845600080,prakash.bose80@gmail.com,2020-07-02,1,1
81,Nisha Balaji,1962-07-05,female,Bhopal,9845600081,nisha.balaji81@gmail.com,2024-07-05,5,1
82,Sowmya Venkatesh,1962-01-24,female,Salem,9845600082,sowmya.venkatesh82@gmail.com,2026-02-16,4,1
83,Harish Jain,1956-04-01,male,Tiruchirappalli,9845600083,harish.jain83@gmail.com,2020-07-06,4,1
84,Ananya Verma,1978-09-29,female,Tirunelveli,9845600084,ananya.verma84@gmail.com,2022-07-04,2,1
85,Abhishek Agarwal,1987-03-17,female,Chandigarh,9845600085,abhishek.agarwal85@gmail.com,2022-01-07,1,1
86,Vinod Krishnan,1975-03-23,male,Tiruchirappalli,9845600086,vinod.krishnan86@gmail.com,2025-05-23,4,1
87,Kiran Iyer,1964-05-20,female,Pune,9845600087,kiran.iyer87@gmail.com,2025-08-03,5,1
88,Pooja Singh,2006-07-06,female,Kolkata,9845600088,pooja.singh88@gmail.com,2026-01-16,1,0
89,Krishna Joseph,1973-01-12,male,Madurai,9845600089,krishna.joseph89@gmail.com,2021-08-25,1,1
90,Shruthi Selvam,1958-12-16,male,Madurai,9845600090,shruthi.selvam90@gmail.com,2026-02-20,1,1
91,Prakash Subramanian,1987-12-18,female,Tiruchirappalli,9845600091,prakash.subramanian91@gmail.com,2022-07-03,2,1
92,Manoj Subramanian,2003-01-12,female,Visakhapatnam,9845600092,manoj.subramanian92@gmail.com,2021-07-28,5,1
93,Senthil Arun,1969-05-04,female,Noida,9845600093,senthil.arun93@gmail.com,2023-03-11,3,1
94,Yogesh Kumar,1984-09-25,male,Salem,9845600094,yogesh.kumar94@gmail.com,2026-04-14,4,1
95,Ashwin Gupta,2007-12-26,male,Gurgaon,9845600095,ashwin.gupta95@gmail.com,2022-12-01,1,1
96,Shruthi Raman,1974-08-10,male,Salem,9845600096,shruthi.raman96@gmail.com,2026-04-11,1,1
97,Vaishnavi Srinivasan,1963-02-17,male,Pune,9845600097,vaishnavi.srinivasan97@gmail.com,2024-11-14,3,1
98,Saravanan Iyer,1985-09-25,male,Nashik,9845600098,saravanan.iyer98@gmail.com,2021-05-29,5,1
99,Preethi Bose,1972-12-16,female,Indore,9845600099,preethi.bose99@gmail.com,2020-04-18,5,1
100,Vaishnavi Raj,1984-07-31,male,Rajkot,9845600100,vaishnavi.raj100@gmail.com,2022-02-07,3,1
101,Ramesh Tripathi,2007-11-18,male,Tirunelveli,9845600101,ramesh.tripathi101@gmail.com,2025-06-19,1,1
102,Priya Iyer,1969-12-11,female,Bhopal,9845600102,priya.iyer102@gmail.com,2020-02-24,1,1
103,Ananya Iyer,1962-10-24,female,Chandigarh,9845600103,ananya.iyer103@gmail.com,2026-07-05,5,1
104,Aditya Reddy,1960-04-24,female,Vadodara,9845600104,aditya.reddy104@gmail.com,2024-07-05,3,1
105,Kavya Babu,1969-01-11,female,Noida,9845600105,kavya.babu105@gmail.com,2022-08-22,5,1
106,Kiran Babu,1956-10-15,male,Nashik,9845600106,kiran.babu106@gmail.com,2021-11-27,1,1
107,Anu Gupta,1962-01-24,male,Chennai,9845600107,anu.gupta107@gmail.com,2022-03-02,5,1
108,Akhil Bose,1982-09-18,male,Bangalore,9845600108,akhil.bose108@gmail.com,2022-11-03,1,1
109,Sneha Bose,1971-06-23,female,Visakhapatnam,9845600109,sneha.bose109@gmail.com,2020-12-08,5,1
110,Aravind Selvam,1978-02-22,female,Mysore,9845600110,aravind.selvam110@gmail.com,2020-12-16,1,1
111,Surya Mohan,1997-07-06,female,Nagpur,9845600111,surya.mohan111@gmail.com,2025-11-02,5,1
112,Meera Arun,1970-04-07,male,Coimbatore,9845600112,meera.arun112@gmail.com,2023-04-18,2,1
113,Rakesh Reddy,1982-01-20,female,Jaipur,9845600113,rakesh.reddy113@gmail.com,2025-06-06,2,0
114,Lokesh Saxena,1994-10-03,female,Mumbai,9845600114,lokesh.saxena114@gmail.com,2020-09-27,1,1
115,Mohan Joseph,1984-01-03,male,Indore,9845600115,mohan.joseph115@gmail.com,2021-12-06,4,1
116,Keerthana Subramanian,1998-02-27,male,Vadodara,9845600116,keerthana.subramanian116@gmail.com,2020-09-24,1,1
117,Bharath Malhotra,1977-07-29,male,Hyderabad,9845600117,bharath.malhotra117@gmail.com,2021-02-24,3,1
118,Senthil Joseph,1993-05-13,male,Ahmedabad,9845600118,senthil.joseph118@gmail.com,2020-02-21,1,1
119,Ashwin Kumar,2000-02-03,male,Chandigarh,9845600119,ashwin.kumar119@gmail.com,2024-02-28,4,0
120,Akash Malhotra,1980-03-25,female,Mumbai,9845600120,akash.malhotra120@gmail.com,2020-03-19,2,0
121,Sowmya Kapoor,1965-08-26,male,Noida,9845600121,sowmya.kapoor121@gmail.com,2024-12-28,3,1
122,Pooja Shetty,2007-08-21,male,Rajkot,9845600122,pooja.shetty122@gmail.com,2025-07-19,2,1
123,Ganesh Srinivasan,2005-03-16,male,Chennai,9845600123,ganesh.srinivasan123@gmail.com,2020-03-12,1,1
124,Gokul Singh,1974-10-02,male,Salem,9845600124,gokul.singh124@gmail.com,2025-12-03,1,1
125,Manoj Raman,1974-07-30,female,Mumbai,9845600125,manoj.raman125@gmail.com,2023-04-12,2,1
126,Yogesh Balaji,1962-05-30,female,Nagpur,9845600126,yogesh.balaji126@gmail.com,2021-01-03,1,0
127,Madhumitha Kapoor,2006-11-26,female,Vadodara,9845600127,madhumitha.kapoor127@gmail.com,2021-05-04,1,1
128,Aditya Kapoor,1964-12-03,female,Mumbai,9845600128,aditya.kapoor128@gmail.com,2021-11-13,2,1
129,Ishita Malhotra,2004-12-23,male,Surat,9845600129,ishita.malhotra129@gmail.com,2024-06-20,5,1
130,Surya Sharma,1960-06-24,female,Mumbai,9845600130,surya.sharma130@gmail.com,2026-01-16,1,0
131,Ganesh Arun,1964-07-20,female,Tiruchirappalli,9845600131,ganesh.arun131@gmail.com,2020-03-21,3,1
132,Neha Ravi,2002-02-18,female,Visakhapatnam,9845600132,neha.ravi132@gmail.com,2020-07-01,1,1
133,Pooja Menon,1980-03-17,female,Rajkot,9845600133,pooja.menon133@gmail.com,2024-10-19,3,1
134,Vihaan Menon,1959-09-20,female,Vijayawada,9845600134,vihaan.menon134@gmail.com,2021-06-11,2,1
135,Akash Fernandes,1974-11-15,male,Delhi,9845600135,akash.fernandes135@gmail.com,2025-04-29,5,0
136,Aishwarya Kapoor,1965-06-26,male,Lucknow,9845600136,aishwarya.kapoor136@gmail.com,2021-05-17,2,1
137,Saravanan Bose,1982-07-01,female,Visakhapatnam,9845600137,saravanan.bose137@gmail.com,2020-07-13,2,1
138,Senthil Kumar,1959-02-20,female,Bangalore,9845600138,senthil.kumar138@gmail.com,2026-07-29,1,0
139,Naveen Singh,1987-01-09,female,Rajkot,9845600139,naveen.singh139@gmail.com,2020-08-21,2,1
140,Rakesh Rao,2003-08-14,male,Madurai,9845600140,rakesh.rao140@gmail.com,2025-07-09,1,1
141,Senthil Agarwal,1980-07-08,male,Kochi,9845600141,senthil.agarwal141@gmail.com,2020-12-31,5,1
142,Revathi Ali,1980-03-17,male,Lucknow,9845600142,revathi.ali142@gmail.com,2023-06-21,1,1
143,Ajay Malhotra,1981-08-27,male,Kochi,9845600143,ajay.malhotra143@gmail.com,2022-01-07,4,1
144,Arjun Das,1979-05-28,male,Chandigarh,9845600144,arjun.das144@gmail.com,2022-08-24,1,1
145,Yogesh Pillai,1973-04-01,male,Nagpur,9845600145,yogesh.pillai145@gmail.com,2021-05-04,2,1
146,Vivaan Mukherjee,2006-12-28,male,Bhopal,9845600146,vivaan.mukherjee146@gmail.com,2021-07-02,1,1
147,Kishore Sharma,1992-03-03,female,Jaipur,9845600147,kishore.sharma147@gmail.com,2026-06-25,2,0
148,Pooja Verma,2005-01-07,male,Gurgaon,9845600148,pooja.verma148@gmail.com,2020-06-22,2,1
149,Yogesh Raj,1962-12-01,male,Kochi,9845600149,yogesh.raj149@gmail.com,2023-10-23,1,1
150,Praveen Fernandes,1974-07-14,female,Erode,9845600150,praveen.fernandes150@gmail.com,2020-11-08,3,1
151,Anand Srinivasan,2000-02-03,female,Hyderabad,9845600151,anand.srinivasan151@gmail.com,2026-05-04,1,1
152,Anand Tripathi,1967-01-25,male,Rajkot,9845600152,anand.tripathi152@gmail.com,2025-12-09,2,0
153,Ishita Narayanan,1976-04-05,female,Kolkata,9845600153,ishita.narayanan153@gmail.com,2025-02-18,1,0
154,Gayathri Srinivasan,2006-05-27,male,Chennai,9845600154,gayathri.srinivasan154@gmail.com,2020-03-04,2,1
155,Vivaan Thomas,1974-03-29,female,Madurai,9845600155,vivaan.thomas155@gmail.com,2021-07-22,2,1
156,Kiran Gupta,2001-03-04,male,Salem,9845600156,kiran.gupta156@gmail.com,2021-05-03,1,1
157,Varun Srinivasan,2000-10-18,female,Erode,9845600157,varun.srinivasan157@gmail.com,2021-10-20,3,0
158,Ashwin Joseph,1959-04-19,male,Madurai,9845600158,ashwin.joseph158@gmail.com,2020-03-05,2,0
159,Mohan Saxena,1960-11-17,male,Erode,9845600159,mohan.saxena159@gmail.com,2024-06-01,1,1
160,Aishwarya Tripathi,1984-10-30,male,Indore,9845600160,aishwarya.tripathi160@gmail.com,2023-12-28,2,0
161,Gayathri Verma,1970-07-21,male,Vijayawada,9845600161,gayathri.verma161@gmail.com,2022-06-27,4,1
162,Priya Sekar,1991-12-01,female,Vadodara,9845600162,priya.sekar162@gmail.com,2023-10-31,5,1
163,Vaishnavi Shetty,2003-06-28,female,Hyderabad,9845600163,vaishnavi.shetty163@gmail.com,2026-07-08,1,1
164,Dinesh Patel,1956-11-26,female,Madurai,9845600164,dinesh.patel164@gmail.com,2020-12-05,3,1
165,Vivaan Fernandes,1993-05-07,female,Mumbai,9845600165,vivaan.fernandes165@gmail.com,2022-04-02,1,1
166,Sanjay Menon,1993-08-18,male,Pune,9845600166,sanjay.menon166@gmail.com,2020-12-23,5,1
167,Sanjay Nair,1981-12-29,female,Bangalore,9845600167,sanjay.nair167@gmail.com,2020-07-10,4,1
168,Vignesh Menon,1966-04-07,male,Mumbai,9845600168,vignesh.menon168@gmail.com,2023-06-28,1,1
169,Ramesh Ali,1999-07-03,male,Surat,9845600169,ramesh.ali169@gmail.com,2024-10-22,2,1
170,Sanjay Rao,1965-11-29,male,Hyderabad,9845600170,sanjay.rao170@gmail.com,2025-10-03,5,1
171,Sowmya Khan,1985-10-19,male,Kochi,9845600171,sowmya.khan171@gmail.com,2023-09-12,2,0
172,Kavya Selvam,1994-11-23,female,Visakhapatnam,9845600172,kavya.selvam172@gmail.com,2025-09-28,4,1
173,Nandhini Patel,1973-12-06,female,Coimbatore,9845600173,nandhini.patel173@gmail.com,2020-12-11,4,0
174,Monika Bose,1984-02-16,male,Rajkot,9845600174,monika.bose174@gmail.com,2025-02-28,1,1
175,Vinod Sekar,2002-01-20,female,Rajkot,9845600175,vinod.sekar175@gmail.com,2020-03-05,4,1
176,Lokesh Sekar,1990-02-11,female,Erode,9845600176,lokesh.sekar176@gmail.com,2022-03-22,1,1
177,Siva Prasad,1999-10-28,female,Erode,9845600177,siva.prasad177@gmail.com,2020-02-16,3,1
178,Anjali Thomas,1976-01-10,male,Nashik,9845600178,anjali.thomas178@gmail.com,2022-01-05,5,1
179,Vignesh Kumar,2005-09-21,male,Vadodara,9845600179,vignesh.kumar179@gmail.com,2021-02-18,2,1
180,Sowmya Thomas,1957-06-20,female,Indore,9845600180,sowmya.thomas180@gmail.com,2024-04-06,1,0
181,Rahul Reddy,1964-10-09,male,Bangalore,9845600181,rahul.reddy181@gmail.com,2021-01-07,1,1
182,Preethi Ravi,2007-03-23,female,Mysore,9845600182,preethi.ravi182@gmail.com,2024-11-01,1,0
183,Meera Ali,1978-08-14,male,Coimbatore,9845600183,meera.ali183@gmail.com,2021-05-20,1,1
184,Senthil Naidu,1977-11-17,male,Noida,9845600184,senthil.naidu184@gmail.com,2020-08-19,1,1
185,Rohit Chandra,1985-05-03,female,Tirunelveli,9845600185,rohit.chandra185@gmail.com,2025-11-16,5,0
186,Neha Arun,2008-07-02,male,Ahmedabad,9845600186,neha.arun186@gmail.com,2022-09-17,1,0
187,Arjun Murugan,1963-09-10,female,Erode,9845600187,arjun.murugan187@gmail.com,2022-09-01,1,1
188,Shruthi Shetty,1998-02-13,male,Mumbai,9845600188,shruthi.shetty188@gmail.com,2020-03-04,5,1
189,Senthil Reddy,1985-04-30,female,Vijayawada,9845600189,senthil.reddy189@gmail.com,2020-01-17,4,0
190,Lokesh Ravi,1980-11-06,female,Hyderabad,9845600190,lokesh.ravi190@gmail.com,2023-03-23,2,1
191,Madhan Patel,1962-03-26,male,Gurgaon,9845600191,madhan.patel191@gmail.com,2025-03-31,4,1
192,Harini Mukherjee,1970-11-03,female,Mumbai,9845600192,harini.mukherjee192@gmail.com,2024-09-04,4,0
193,Priya Desai,2001-07-13,male,Tiruchirappalli,9845600193,priya.desai193@gmail.com,2024-08-06,1,1
194,Karthik Verma,1994-01-14,male,Chennai,9845600194,karthik.verma194@gmail.com,2021-01-29,5,1
195,Aditya Srinivasan,1989-06-25,male,Rajkot,9845600195,aditya.srinivasan195@gmail.com,2025-01-11,1,1
196,Sanjay Mishra,1987-09-25,female,Coimbatore,9845600196,sanjay.mishra196@gmail.com,2023-03-06,1,1
197,Vaishnavi Kapoor,1991-04-26,male,Visakhapatnam,9845600197,vaishnavi.kapoor197@gmail.com,2022-02-07,1,1
198,Madhumitha Sekar,1967-01-07,female,Vijayawada,9845600198,madhumitha.sekar198@gmail.com,2021-12-01,1,1
199,Manoj Joseph,2001-06-02,female,Ahmedabad,9845600199,manoj.joseph199@gmail.com,2024-09-10,5,1
200,Harish Pillai,1988-07-12,male,Coimbatore,9845600200,harish.pillai200@gmail.com,2024-12-10,3,1
201,Ganesh Chauhan,1985-06-07,male,Jaipur,9845600201,ganesh.chauhan201@gmail.com,2023-07-29,2,1
202,Suresh Raj,1977-03-22,male,Kolkata,9845600202,suresh.raj202@gmail.com,2025-10-27,5,0
203,Bharath Singh,1982-11-05,male,Nagpur,9845600203,bharath.singh203@gmail.com,2024-02-03,4,1
204,Lokesh Babu,1993-12-01,male,Vadodara,9845600204,lokesh.babu204@gmail.com,2025-05-11,3,1
205,Gokul Gupta,1969-06-23,female,Hyderabad,9845600205,gokul.gupta205@gmail.com,2023-01-04,5,1
206,Harini Sekar,1965-12-29,female,Chennai,9845600206,harini.sekar206@gmail.com,2020-09-29,4,1
207,Arjun Malhotra,1967-01-11,female,Chennai,9845600207,arjun.malhotra207@gmail.com,2024-06-05,5,1
208,Ramesh Balaji,2008-01-19,female,Ahmedabad,9845600208,ramesh.balaji208@gmail.com,2020-03-19,3,1
209,Aditya Joseph,1971-02-20,male,Bangalore,9845600209,aditya.joseph209@gmail.com,2025-04-18,3,1
210,Arjun Prasad,1989-04-02,male,Noida,9845600210,arjun.prasad210@gmail.com,2023-04-02,2,1
211,Yogesh Rao,1964-03-07,male,Jaipur,9845600211,yogesh.rao211@gmail.com,2025-11-01,5,1
212,Gayathri Venkatesh,1956-05-05,female,Salem,9845600212,gayathri.venkatesh212@gmail.com,2026-05-23,1,1
213,Vignesh Subramanian,1969-03-22,female,Nagpur,9845600213,vignesh.subramanian213@gmail.com,2026-02-14,1,1
214,Rakesh Malhotra,2004-10-10,male,Vadodara,9845600214,rakesh.malhotra214@gmail.com,2024-06-19,3,1
215,Gayathri Saxena,1989-09-30,female,Nagpur,9845600215,gayathri.saxena215@gmail.com,2020-07-07,4,1
216,Aishwarya Raj,1985-04-14,male,Madurai,9845600216,aishwarya.raj216@gmail.com,2025-03-09,5,1
217,Nandhini Mishra,1963-12-07,male,Tiruchirappalli,9845600217,nandhini.mishra217@gmail.com,2025-02-16,1,1
218,Vivaan Saxena,1960-01-19,male,Indore,9845600218,vivaan.saxena218@gmail.com,2023-03-28,2,1
219,Anjali Ravi,1974-09-25,female,Chennai,9845600219,anjali.ravi219@gmail.com,2023-03-10,4,1
220,Ramesh Narayanan,1996-07-20,female,Vadodara,9845600220,ramesh.narayanan220@gmail.com,2021-11-30,1,1
221,Praveen Agarwal,1957-03-04,male,Indore,9845600221,praveen.agarwal221@gmail.com,2026-05-03,3,1
222,Anand Narayanan,2003-11-12,male,Chandigarh,9845600222,anand.narayanan222@gmail.com,2020-12-15,2,0
223,Akhil Mohan,1977-04-22,female,Tirunelveli,9845600223,akhil.mohan223@gmail.com,2026-01-08,5,1
224,Vaishnavi Menon,1999-03-24,male,Chennai,9845600224,vaishnavi.menon224@gmail.com,2025-11-13,1,0
225,Pooja Saxena,1977-05-09,female,Vijayawada,9845600225,pooja.saxena225@gmail.com,2025-09-11,2,1
226,Varun Rao,1968-03-18,male,Erode,9845600226,varun.rao226@gmail.com,2020-09-02,5,1
227,Sneha Murugan,1956-09-17,female,Noida,9845600227,sneha.murugan227@gmail.com,2020-07-08,5,1
228,Ramesh Sekar,1989-05-01,female,Vadodara,9845600228,ramesh.sekar228@gmail.com,2023-11-06,1,1
229,Kishore Chandra,1981-02-27,male,Indore,9845600229,kishore.chandra229@gmail.com,2025-06-21,1,1
230,Karthik Ravi,1967-01-16,male,Noida,9845600230,karthik.ravi230@gmail.com,2026-07-04,5,1
231,Kiran Thomas,1957-08-09,male,Pune,9845600231,kiran.thomas231@gmail.com,2025-09-13,2,1
232,Abhishek Prasad,1985-03-07,female,Mumbai,9845600232,abhishek.prasad232@gmail.com,2020-07-04,3,1
233,Lakshmi Mishra,1988-09-24,female,Chennai,9845600233,lakshmi.mishra233@gmail.com,2024-05-07,2,1
234,Preethi Joseph,1965-09-11,male,Tiruchirappalli,9845600234,preethi.joseph234@gmail.com,2023-10-14,3,1
235,Swathi Mukherjee,1958-11-05,female,Salem,9845600235,swathi.mukherjee235@gmail.com,2026-04-13,3,1
236,Anand Krishnan,1959-08-11,male,Madurai,9845600236,anand.krishnan236@gmail.com,2026-04-10,3,0
237,Sowmya Sharma,1960-06-03,female,Kochi,9845600237,sowmya.sharma237@gmail.com,2020-04-05,3,1
238,Pooja Menon,1967-08-22,female,Nagpur,9845600238,pooja.menon238@gmail.com,2023-08-21,5,1
239,Shreya Thomas,1966-05-15,male,Delhi,9845600239,shreya.thomas239@gmail.com,2024-09-12,4,1
240,Anu Sekar,1978-03-19,male,Delhi,9845600240,anu.sekar240@gmail.com,2024-09-03,2,1
241,Revathi Patel,1998-09-28,female,Mumbai,9845600241,revathi.patel241@gmail.com,2023-11-04,2,1
242,Bharath Kapoor,1960-07-20,female,Madurai,9845600242,bharath.kapoor242@gmail.com,2021-04-24,2,1
243,Gayathri Raman,1993-12-16,female,Rajkot,9845600243,gayathri.raman243@gmail.com,2025-10-04,1,1
244,Gayathri Joseph,1971-10-08,female,Nashik,9845600244,gayathri.joseph244@gmail.com,2023-07-23,3,1
245,Revathi Saxena,1993-09-23,male,Surat,9845600245,revathi.saxena245@gmail.com,2021-10-09,1,1
246,Madhan Balaji,1966-11-01,male,Indore,9845600246,madhan.balaji246@gmail.com,2025-03-27,3,1
247,Deepak Naidu,1993-05-12,female,Erode,9845600247,deepak.naidu247@gmail.com,2021-03-05,2,1
248,Revathi Yadav,1987-07-28,female,Chennai,9845600248,revathi.yadav248@gmail.com,2020-07-21,1,1
249,Sneha Mishra,1981-01-18,female,Mumbai,9845600249,sneha.mishra249@gmail.com,2023-11-26,4,1
250,Swathi Kapoor,1988-04-30,female,Chandigarh,9845600250,swathi.kapoor250@gmail.com,2021-04-07,4,1
251,Siva Rao,1971-10-10,female,Bangalore,9845600251,siva.rao251@gmail.com,2024-05-03,5,1
252,Divya Gupta,1976-01-03,female,Mysore,9845600252,divya.gupta252@gmail.com,2020-01-23,1,0
253,Anjali Tripathi,1978-09-27,female,Indore,9845600253,anjali.tripathi253@gmail.com,2022-03-17,1,1
254,Sneha Khan,1998-07-11,male,Coimbatore,9845600254,sneha.khan254@gmail.com,2025-02-17,4,1
255,Rohan Joseph,2000-01-19,female,Bangalore,9845600255,rohan.joseph255@gmail.com,2022-02-22,3,0
256,Ramesh Menon,1998-10-11,female,Mumbai,9845600256,ramesh.menon256@gmail.com,2025-12-20,2,1
257,Neha Naidu,1985-09-23,female,Gurgaon,9845600257,neha.naidu257@gmail.com,2025-12-28,1,1
258,Dinesh Balaji,1975-10-26,male,Jaipur,9845600258,dinesh.balaji258@gmail.com,2020-09-19,2,1
259,Nisha Malhotra,1974-03-20,male,Madurai,9845600259,nisha.malhotra259@gmail.com,2023-08-13,4,0
260,Nisha Pillai,1969-01-31,male,Ahmedabad,9845600260,nisha.pillai260@gmail.com,2022-07-30,2,1
261,Karthik Das,2006-05-30,male,Bhopal,9845600261,karthik.das261@gmail.com,2020-04-24,2,1
262,Bharath Pillai,1999-11-25,female,Vijayawada,9845600262,bharath.pillai262@gmail.com,2024-10-24,5,1
263,Sowmya Saxena,1976-04-25,female,Kochi,9845600263,sowmya.saxena263@gmail.com,2021-05-06,3,1
264,Pooja Singh,1988-12-28,female,Erode,9845600264,pooja.singh264@gmail.com,2024-09-23,1,1
265,Deepika Arun,1986-01-03,male,Madurai,9845600265,deepika.arun265@gmail.com,2020-12-25,5,1
266,Keerthana Khan,1958-07-12,female,Delhi,9845600266,keerthana.khan266@gmail.com,2024-10-22,4,1
267,Karthik Pillai,1963-12-29,female,Hyderabad,9845600267,karthik.pillai267@gmail.com,2021-07-30,1,1
268,Suresh Subramanian,1964-11-09,male,Chandigarh,9845600268,suresh.subramanian268@gmail.com,2024-08-15,2,1
269,Shreya Reddy,1999-12-09,male,Salem,9845600269,shreya.reddy269@gmail.com,2024-12-20,3,1
270,Swathi Yadav,1969-06-13,female,Tiruchirappalli,9845600270,swathi.yadav270@gmail.com,2026-07-28,1,1
271,Kavya Patel,1977-06-17,female,Bhopal,9845600271,kavya.patel271@gmail.com,2026-07-15,1,1
272,Aarav Das,1987-03-21,female,Mumbai,9845600272,aarav.das272@gmail.com,2024-12-07,5,1
273,Naveen Fernandes,1977-08-13,female,Visakhapatnam,9845600273,naveen.fernandes273@gmail.com,2025-11-22,5,1
274,Kiran Bose,2007-05-22,male,Kochi,9845600274,kiran.bose274@gmail.com,2022-11-15,3,1
275,Kiran Jain,2002-11-06,male,Kochi,9845600275,kiran.jain275@gmail.com,2023-10-15,1,1
276,Monika Ravi,1970-03-31,male,Visakhapatnam,9845600276,monika.ravi276@gmail.com,2024-04-23,2,1
277,Ashwin Yadav,1989-03-22,male,Coimbatore,9845600277,ashwin.yadav277@gmail.com,2024-09-16,3,1
278,Anjali Yadav,1982-10-19,male,Coimbatore,9845600278,anjali.yadav278@gmail.com,2025-12-20,2,0
279,Rakesh Das,1994-11-12,female,Rajkot,9845600279,rakesh.das279@gmail.com,2022-04-08,5,1
280,Vinod Selvam,2005-08-05,female,Pune,9845600280,vinod.selvam280@gmail.com,2021-05-11,5,1
281,Sneha Joseph,2003-02-24,male,Madurai,9845600281,sneha.joseph281@gmail.com,2025-06-28,2,1
282,Rahul Mishra,1978-07-18,male,Gurgaon,9845600282,rahul.mishra282@gmail.com,2020-03-29,5,1
283,Kishore Agarwal,2004-12-15,female,Tirunelveli,9845600283,kishore.agarwal283@gmail.com,2020-06-25,2,1
284,Rohit Sharma,1979-05-29,female,Pune,9845600284,rohit.sharma284@gmail.com,2024-08-23,1,1
285,Harish Naidu,1966-05-20,male,Nashik,9845600285,harish.naidu285@gmail.com,2024-05-03,1,1
286,Akash Chauhan,1973-09-18,female,Mumbai,9845600286,akash.chauhan286@gmail.com,2020-05-01,1,1
287,Swathi Naidu,2006-05-04,male,Vijayawada,9845600287,swathi.naidu287@gmail.com,2022-09-24,4,1
288,Arjun Mukherjee,1966-10-29,female,Mumbai,9845600288,arjun.mukherjee288@gmail.com,2025-04-22,1,1
289,Rohan Narayanan,2005-09-09,male,Rajkot,9845600289,rohan.narayanan289@gmail.com,2026-01-03,3,1
290,Aravind Naidu,1975-05-11,male,Erode,9845600290,aravind.naidu290@gmail.com,2024-12-19,2,1
291,Suresh Babu,1986-09-16,female,Visakhapatnam,9845600291,suresh.babu291@gmail.com,2021-12-29,2,1
292,Abhishek Chauhan,1982-03-22,female,Noida,9845600292,abhishek.chauhan292@gmail.com,2025-05-08,4,1
293,Ashwin Yadav,1962-10-26,female,Tiruchirappalli,9845600293,ashwin.yadav293@gmail.com,2020-09-20,1,1
294,Anjali Iyer,1998-01-15,female,Delhi,9845600294,anjali.iyer294@gmail.com,2020-11-28,1,1
295,Priya Chauhan,2007-05-14,male,Erode,9845600295,priya.chauhan295@gmail.com,2022-05-28,3,1
296,Kishore Chauhan,2008-03-14,male,Indore,9845600296,kishore.chauhan296@gmail.com,2024-06-29,2,0
297,Krishna Khan,2006-02-07,female,Visakhapatnam,9845600297,krishna.khan297@gmail.com,2025-04-24,3,1
298,Naveen Reddy,1970-12-25,male,Madurai,9845600298,naveen.reddy298@gmail.com,2025-10-08,4,1
299,Siva Mohan,1967-09-22,male,Noida,9845600299,siva.mohan299@gmail.com,2026-03-15,1,1
300,Prakash Sharma,1958-10-21,male,Madurai,9845600300,prakash.sharma300@gmail.com,2022-09-19,3,1
301,Kavya Chauhan,1961-07-26,male,Lucknow,9845600301,kavya.chauhan301@gmail.com,2024-12-11,2,1
302,Kishore Murugan,2005-08-12,male,Mysore,9845600302,kishore.murugan302@gmail.com,2023-05-07,3,0
303,Aishwarya Venkatesh,1993-08-08,male,Tiruchirappalli,9845600303,aishwarya.venkatesh303@gmail.com,2026-04-19,5,1
304,Naveen Verma,1984-11-18,male,Mumbai,9845600304,naveen.verma304@gmail.com,2024-03-18,1,1
305,Akash Pillai,1977-11-22,male,Vijayawada,9845600305,akash.pillai305@gmail.com,2023-05-26,2,1
306,Kiran Kapoor,1984-10-02,male,Indore,9845600306,kiran.kapoor306@gmail.com,2021-06-12,1,1
307,Riya Verma,1990-05-19,female,Visakhapatnam,9845600307,riya.verma307@gmail.com,2020-09-19,1,1
308,Gokul Menon,1995-05-22,female,Delhi,9845600308,gokul.menon308@gmail.com,2020-08-30,4,1
309,Siva Kumar,1985-03-01,male,Tiruchirappalli,9845600309,siva.kumar309@gmail.com,2025-11-12,1,1
310,Neha Iyer,1987-05-11,female,Vijayawada,9845600310,neha.iyer310@gmail.com,2022-03-10,1,0
311,Rakesh Saxena,1961-10-05,male,Chandigarh,9845600311,rakesh.saxena311@gmail.com,2026-02-13,3,1
312,Siva Subramanian,1977-04-08,male,Surat,9845600312,siva.subramanian312@gmail.com,2022-02-06,1,1
313,Bharath Narayanan,1995-11-22,male,Pune,9845600313,bharath.narayanan313@gmail.com,2021-05-07,1,1
314,Ishita Thomas,1997-10-29,female,Mysore,9845600314,ishita.thomas314@gmail.com,2022-12-27,5,0
315,Kiran Raman,1967-03-19,female,Bangalore,9845600315,kiran.raman315@gmail.com,2024-04-14,3,1
316,Sneha Joseph,1994-04-21,male,Tirunelveli,9845600316,sneha.joseph316@gmail.com,2021-11-26,5,1
317,Aishwarya Nair,1964-02-24,female,Vadodara,9845600317,aishwarya.nair317@gmail.com,2020-10-03,2,1
318,Sneha Menon,1959-10-07,male,Visakhapatnam,9845600318,sneha.menon318@gmail.com,2020-02-11,1,1
319,Vihaan Agarwal,1993-11-05,male,Kolkata,9845600319,vihaan.agarwal319@gmail.com,2025-11-19,5,1
320,Rahul Yadav,1999-01-24,female,Vijayawada,9845600320,rahul.yadav320@gmail.com,2026-07-23,1,1
321,Ananya Selvam,1978-09-06,female,Nashik,9845600321,ananya.selvam321@gmail.com,2021-02-12,1,1
322,Madhan Desai,1972-05-03,female,Bangalore,9845600322,madhan.desai322@gmail.com,2020-09-14,1,1
323,Siva Sekar,1974-07-01,female,Gurgaon,9845600323,siva.sekar323@gmail.com,2022-05-30,3,1
324,Surya Srinivasan,2004-07-12,male,Hyderabad,9845600324,surya.srinivasan324@gmail.com,2022-10-07,2,1
325,Suresh Srinivasan,2002-01-05,male,Mysore,9845600325,suresh.srinivasan325@gmail.com,2021-05-07,1,1
326,Senthil Joseph,1994-04-27,female,Ahmedabad,9845600326,senthil.joseph326@gmail.com,2025-03-12,5,1
327,Ajay Nair,1982-02-16,female,Chennai,9845600327,ajay.nair327@gmail.com,2023-04-06,1,1
328,Priya Tripathi,1977-09-21,male,Erode,9845600328,priya.tripathi328@gmail.com,2021-07-21,3,1
329,Naveen Joseph,2004-06-30,male,Lucknow,9845600329,naveen.joseph329@gmail.com,2024-04-16,5,1
330,Aarav Desai,1974-06-01,female,Indore,9845600330,aarav.desai330@gmail.com,2025-09-03,1,1
331,Suresh Kapoor,1986-03-18,female,Mumbai,9845600331,suresh.kapoor331@gmail.com,2020-06-01,4,1
332,Senthil Saxena,1993-09-23,female,Madurai,9845600332,senthil.saxena332@gmail.com,2021-10-16,4,1
333,Vaishnavi Bose,1971-12-16,male,Jaipur,9845600333,vaishnavi.bose333@gmail.com,2023-04-06,2,1
334,Krishna Mohan,1996-12-18,female,Delhi,9845600334,krishna.mohan334@gmail.com,2022-10-31,1,0
335,Riya Mohan,1958-07-31,male,Madurai,9845600335,riya.mohan335@gmail.com,2023-07-14,1,1
336,Suresh Jain,1956-05-02,female,Hyderabad,9845600336,suresh.jain336@gmail.com,2026-04-27,5,1
337,Lokesh Pandey,1996-12-19,male,Salem,9845600337,lokesh.pandey337@gmail.com,2025-07-30,1,1
338,Nandhini Ravi,2008-03-18,male,Ahmedabad,9845600338,nandhini.ravi338@gmail.com,2023-05-09,1,1
339,Nisha Kapoor,1995-03-26,male,Ahmedabad,9845600339,nisha.kapoor339@gmail.com,2025-05-27,1,1
340,Madhan Singh,1962-11-29,male,Indore,9845600340,madhan.singh340@gmail.com,2022-05-17,2,1
341,Swathi Saxena,1962-02-06,male,Vijayawada,9845600341,swathi.saxena341@gmail.com,2025-05-19,1,1
342,Krishna Prasad,1961-10-31,male,Vijayawada,9845600342,krishna.prasad342@gmail.com,2020-03-12,1,1
343,Priya Subramanian,1980-12-18,male,Chennai,9845600343,priya.subramanian343@gmail.com,2025-07-12,3,1
344,Aravind Narayanan,1959-04-23,female,Ahmedabad,9845600344,aravind.narayanan344@gmail.com,2023-03-04,3,1
345,Rohan Ali,1959-01-05,female,Bhopal,9845600345,rohan.ali345@gmail.com,2022-03-31,1,1
346,Nandhini Pillai,2005-09-27,male,Delhi,9845600346,nandhini.pillai346@gmail.com,2024-03-15,2,1
347,Swathi Menon,2006-03-06,male,Tirunelveli,9845600347,swathi.menon347@gmail.com,2025-08-23,4,1
348,Gayathri Verma,1958-06-01,female,Gurgaon,9845600348,gayathri.verma348@gmail.com,2021-06-07,3,1
349,Senthil Nair,1964-02-29,female,Mumbai,9845600349,senthil.nair349@gmail.com,2026-01-06,2,1
350,Dinesh Venkatesh,1984-07-30,male,Indore,9845600350,dinesh.venkatesh350@gmail.com,2020-01-05,5,1
351,Lakshmi Saxena,1969-05-11,female,Pune,9845600351,lakshmi.saxena351@gmail.com,2020-03-22,3,1
352,Aditya Mohan,2001-04-05,male,Lucknow,9845600352,aditya.mohan352@gmail.com,2025-05-26,1,1
353,Nithin Chandra,1959-04-25,female,Jaipur,9845600353,nithin.chandra353@gmail.com,2022-07-25,1,1
354,Prakash Kapoor,1973-09-14,female,Tiruchirappalli,9845600354,prakash.kapoor354@gmail.com,2026-07-17,1,1
355,Keerthana Kumar,1985-04-24,female,Erode,9845600355,keerthana.kumar355@gmail.com,2026-05-12,5,1
356,Preethi Selvam,1996-02-02,female,Kolkata,9845600356,preethi.selvam356@gmail.com,2023-01-11,1,1
357,Akash Reddy,1973-06-03,male,Nagpur,9845600357,akash.reddy357@gmail.com,2025-04-07,1,1
358,Surya Ali,1968-12-07,male,Visakhapatnam,9845600358,surya.ali358@gmail.com,2023-01-29,1,1
359,Akhil Desai,1987-02-13,female,Erode,9845600359,akhil.desai359@gmail.com,2020-09-22,1,1
360,Nithin Fernandes,1987-06-30,male,Chennai,9845600360,nithin.fernandes360@gmail.com,2021-09-28,2,0
361,Rakesh Nair,1980-08-30,male,Madurai,9845600361,rakesh.nair361@gmail.com,2023-12-12,3,1
362,Akash Selvam,1997-04-02,male,Kochi,9845600362,akash.selvam362@gmail.com,2023-11-25,4,1
363,Ganesh Raj,1997-12-21,female,Erode,9845600363,ganesh.raj363@gmail.com,2021-09-28,1,1
364,Nandhini Srinivasan,1962-02-25,male,Tiruchirappalli,9845600364,nandhini.srinivasan364@gmail.com,2026-07-26,1,1
365,Vaishnavi Sharma,2007-12-09,male,Mumbai,9845600365,vaishnavi.sharma365@gmail.com,2020-04-04,2,1
366,Vaishnavi Ravi,1984-09-08,female,Ahmedabad,9845600366,vaishnavi.ravi366@gmail.com,2020-06-27,5,1
367,Rahul Arun,1995-01-31,male,Ahmedabad,9845600367,rahul.arun367@gmail.com,2024-09-01,1,1
368,Ananya Krishnan,1999-08-29,male,Noida,9845600368,ananya.krishnan368@gmail.com,2022-04-28,3,1
369,Senthil Reddy,1963-10-07,male,Bangalore,9845600369,senthil.reddy369@gmail.com,2020-05-15,5,1
370,Ajay Naidu,1973-07-24,male,Ahmedabad,9845600370,ajay.naidu370@gmail.com,2024-11-24,5,1
371,Akhil Reddy,2002-04-22,male,Tiruchirappalli,9845600371,akhil.reddy371@gmail.com,2020-02-29,4,1
372,Rakesh Sekar,1973-12-04,female,Kochi,9845600372,rakesh.sekar372@gmail.com,2022-01-09,1,1
373,Ishita Subramanian,1993-03-10,male,Mumbai,9845600373,ishita.subramanian373@gmail.com,2026-07-04,1,1
374,Ashwin Rao,1961-02-24,female,Kolkata,9845600374,ashwin.rao374@gmail.com,2020-04-01,3,0
375,Rohit Raj,1968-12-26,female,Bangalore,9845600375,rohit.raj375@gmail.com,2024-01-05,1,1
376,Mohan Saxena,1974-10-24,male,Ahmedabad,9845600376,mohan.saxena376@gmail.com,2026-06-04,1,1
377,Vivaan Singh,1964-08-02,male,Visakhapatnam,9845600377,vivaan.singh377@gmail.com,2024-04-21,4,1
378,Ananya Yadav,1984-05-05,female,Madurai,9845600378,ananya.yadav378@gmail.com,2025-01-17,5,1
379,Surya Raj,1994-03-22,male,Visakhapatnam,9845600379,surya.raj379@gmail.com,2024-03-14,4,0
380,Sneha Tripathi,2002-02-04,male,Chandigarh,9845600380,sneha.tripathi380@gmail.com,2022-09-24,4,1
381,Lokesh Balaji,1987-09-06,female,Chennai,9845600381,lokesh.balaji381@gmail.com,2024-10-08,2,0
382,Nithin Tripathi,1956-06-03,male,Tirunelveli,9845600382,nithin.tripathi382@gmail.com,2020-02-06,4,1
383,Nithin Nair,1961-08-15,female,Rajkot,9845600383,nithin.nair383@gmail.com,2024-08-30,3,1
384,Priya Singh,1971-01-19,male,Tiruchirappalli,9845600384,priya.singh384@gmail.com,2023-03-25,1,1
385,Anjali Desai,1989-09-13,male,Nagpur,9845600385,anjali.desai385@gmail.com,2026-07-22,3,1
386,Divya Pandey,1994-01-18,male,Mumbai,9845600386,divya.pandey386@gmail.com,2024-04-26,4,1
387,Madhumitha Ravi,2003-02-02,female,Pune,9845600387,madhumitha.ravi387@gmail.com,2024-11-27,4,0
388,Monika Fernandes,1988-09-21,male,Jaipur,9845600388,monika.fernandes388@gmail.com,2021-09-24,5,1
389,Aravind Arun,1957-07-12,male,Erode,9845600389,aravind.arun389@gmail.com,2024-03-02,2,1
390,Abhishek Verma,1971-03-26,female,Bangalore,9845600390,abhishek.verma390@gmail.com,2024-04-03,2,1
391,Bhavya Verma,2006-07-27,female,Nagpur,9845600391,bhavya.verma391@gmail.com,2020-03-25,1,1
392,Revathi Kumar,1970-04-08,male,Jaipur,9845600392,revathi.kumar392@gmail.com,2023-07-18,2,1
393,Sowmya Prasad,1988-01-24,male,Jaipur,9845600393,sowmya.prasad393@gmail.com,2021-12-01,1,1
394,Nithin Singh,2008-05-30,female,Chennai,9845600394,nithin.singh394@gmail.com,2025-02-25,1,0
395,Vihaan Singh,2005-10-06,male,Bhopal,9845600395,vihaan.singh395@gmail.com,2022-03-21,2,0
396,Vihaan Desai,1970-07-19,male,Vijayawada,9845600396,vihaan.desai396@gmail.com,2022-08-10,1,1
397,Deepak Khan,2003-02-20,male,Coimbatore,9845600397,deepak.khan397@gmail.com,2022-09-28,2,1
398,Nisha Murugan,1966-10-14,female,Coimbatore,9845600398,nisha.murugan398@gmail.com,2020-07-12,1,1
399,Krishna Mishra,1965-03-27,male,Ahmedabad,9845600399,krishna.mishra399@gmail.com,2025-02-12,1,1
400,Vivaan Gupta,1996-11-12,male,Tiruchirappalli,9845600400,vivaan.gupta400@gmail.com,2021-10-27,3,1
401,Manoj Balaji,1967-12-31,male,Mumbai,9845600401,manoj.balaji401@gmail.com,2024-03-09,1,1
402,Krishna Raman,2008-02-22,female,Indore,9845600402,krishna.raman402@gmail.com,2026-04-29,5,1
403,Ananya Nair,1969-07-14,female,Bangalore,9845600403,ananya.nair403@gmail.com,2022-03-11,1,1
404,Manoj Fernandes,2000-05-14,female,Bhopal,9845600404,manoj.fernandes404@gmail.com,2025-12-24,3,1
405,Neha Rao,1981-02-18,male,Madurai,9845600405,neha.rao405@gmail.com,2020-06-19,2,1
406,Madhumitha Thomas,2005-07-22,female,Indore,9845600406,madhumitha.thomas406@gmail.com,2021-05-16,1,1
407,Ishita Narayanan,1997-09-01,male,Coimbatore,9845600407,ishita.narayanan407@gmail.com,2021-04-04,2,1
408,Saravanan Jain,1964-03-20,female,Mumbai,9845600408,saravanan.jain408@gmail.com,2025-12-15,1,1
409,Dinesh Venkatesh,1988-04-23,male,Bhopal,9845600409,dinesh.venkatesh409@gmail.com,2024-01-15,1,0
410,Krishna Singh,1994-01-14,male,Bangalore,9845600410,krishna.singh410@gmail.com,2024-04-25,4,1
411,Anand Ravi,1977-02-21,female,Lucknow,9845600411,anand.ravi411@gmail.com,2023-03-17,3,1
412,Ishita Saxena,1981-02-05,female,Erode,9845600412,ishita.saxena412@gmail.com,2026-06-03,4,1
413,Rakesh Arun,1988-08-05,female,Rajkot,9845600413,rakesh.arun413@gmail.com,2020-09-06,3,1
414,Ramesh Jain,1977-06-17,female,Kochi,9845600414,ramesh.jain414@gmail.com,2020-05-18,1,1
415,Nisha Nair,1975-11-20,female,Nagpur,9845600415,nisha.nair415@gmail.com,2022-12-07,1,1
416,Kavya Venkatesh,1999-04-30,female,Ahmedabad,9845600416,kavya.venkatesh416@gmail.com,2020-07-01,1,1
417,Abhishek Yadav,2007-11-23,male,Kolkata,9845600417,abhishek.yadav417@gmail.com,2022-05-28,3,1
418,Harish Narayanan,1980-11-07,male,Noida,9845600418,harish.narayanan418@gmail.com,2022-12-14,1,1
419,Mohan Pillai,1967-02-17,female,Salem,9845600419,mohan.pillai419@gmail.com,2024-02-29,1,1
420,Revathi Murugan,1999-06-02,male,Bangalore,9845600420,revathi.murugan420@gmail.com,2024-03-04,2,1
421,Suresh Khan,1991-07-05,male,Kochi,9845600421,suresh.khan421@gmail.com,2020-08-04,2,1
422,Rohit Das,1997-03-22,male,Kochi,9845600422,rohit.das422@gmail.com,2022-09-13,2,1
423,Lokesh Tripathi,2006-12-15,female,Gurgaon,9845600423,lokesh.tripathi423@gmail.com,2022-04-02,1,1
424,Sneha Gupta,1980-01-07,male,Jaipur,9845600424,sneha.gupta424@gmail.com,2021-07-26,2,1
425,Sneha Ravi,2000-05-17,male,Pune,9845600425,sneha.ravi425@gmail.com,2024-07-21,3,1
426,Rakesh Shetty,1989-06-11,female,Chennai,9845600426,rakesh.shetty426@gmail.com,2021-05-02,1,1
427,Vivaan Chandra,1976-05-25,female,Bhopal,9845600427,vivaan.chandra427@gmail.com,2026-06-21,1,1
428,Gayathri Pandey,1975-01-31,male,Jaipur,9845600428,gayathri.pandey428@gmail.com,2026-02-14,4,1
429,Prakash Agarwal,1999-04-03,male,Jaipur,9845600429,prakash.agarwal429@gmail.com,2020-09-26,1,1
430,Surya Kumar,2002-05-19,female,Mumbai,9845600430,surya.kumar430@gmail.com,2021-11-10,5,0
431,Shreya Reddy,1977-02-08,female,Chennai,9845600431,shreya.reddy431@gmail.com,2020-06-26,1,1
432,Arjun Krishnan,1958-02-02,female,Nagpur,9845600432,arjun.krishnan432@gmail.com,2021-05-04,3,0
433,Anand Shetty,2007-05-06,female,Hyderabad,9845600433,anand.shetty433@gmail.com,2025-02-20,4,1
434,Ishita Saxena,2004-10-23,male,Noida,9845600434,ishita.saxena434@gmail.com,2022-11-11,4,1
435,Senthil Bose,1992-12-14,female,Indore,9845600435,senthil.bose435@gmail.com,2023-11-12,3,0
436,Deepika Arun,1968-01-24,female,Vadodara,9845600436,deepika.arun436@gmail.com,2023-09-25,1,1
437,Ajay Chandra,1972-05-02,female,Kolkata,9845600437,ajay.chandra437@gmail.com,2023-07-20,3,1
438,Shruthi Naidu,1988-02-18,female,Tirunelveli,9845600438,shruthi.naidu438@gmail.com,2023-03-11,4,1
439,Kavya Rao,1993-04-01,female,Mumbai,9845600439,kavya.rao439@gmail.com,2021-09-23,2,0
440,Keerthana Singh,1971-07-31,male,Kochi,9845600440,keerthana.singh440@gmail.com,2024-09-14,3,1
441,Nithin Naidu,1983-01-19,female,Chandigarh,9845600441,nithin.naidu441@gmail.com,2021-08-19,1,0
442,Pooja Narayanan,1984-01-20,female,Nagpur,9845600442,pooja.narayanan442@gmail.com,2022-02-28,5,1
443,Mohan Srinivasan,1998-09-02,male,Visakhapatnam,9845600443,mohan.srinivasan443@gmail.com,2021-10-27,3,1
444,Akash Ravi,1982-11-09,female,Ahmedabad,9845600444,akash.ravi444@gmail.com,2021-11-07,2,1
445,Ishita Khan,1986-05-12,female,Kochi,9845600445,ishita.khan445@gmail.com,2022-11-11,4,1
446,Sanjay Chauhan,1970-06-03,male,Mysore,9845600446,sanjay.chauhan446@gmail.com,2020-01-19,1,1
447,Ananya Prasad,1970-12-22,male,Jaipur,9845600447,ananya.prasad447@gmail.com,2021-05-11,3,0
448,Nithin Iyer,2005-05-05,male,Kochi,9845600448,nithin.iyer448@gmail.com,2024-04-29,1,1
449,Sneha Venkatesh,1995-03-04,female,Salem,9845600449,sneha.venkatesh449@gmail.com,2024-07-07,3,0
450,Vivaan Mishra,1957-11-09,female,Kolkata,9845600450,vivaan.mishra450@gmail.com,2020-09-12,3,1
451,Shreya Desai,1983-10-10,female,Salem,9845600451,shreya.desai451@gmail.com,2020-07-13,4,1
452,Kishore Venkatesh,1979-04-22,female,Kolkata,9845600452,kishore.venkatesh452@gmail.com,2024-05-26,4,1
453,Ashwin Srinivasan,1980-12-25,male,Gurgaon,9845600453,ashwin.srinivasan453@gmail.com,2023-11-21,1,1
454,Madhan Rao,1970-09-02,male,Erode,9845600454,madhan.rao454@gmail.com,2024-02-19,1,1
455,Saravanan Joseph,1999-07-20,female,Bhopal,9845600455,saravanan.joseph455@gmail.com,2025-04-19,4,1
456,Aarav Verma,2004-05-05,male,Vadodara,9845600456,aarav.verma456@gmail.com,2020-10-01,5,1
457,Lokesh Narayanan,1976-04-30,female,Hyderabad,9845600457,lokesh.narayanan457@gmail.com,2025-09-10,3,1
458,Nithin Chauhan,1993-07-04,male,Vadodara,9845600458,nithin.chauhan458@gmail.com,2021-08-24,4,1
459,Ananya Prasad,2004-12-31,male,Salem,9845600459,ananya.prasad459@gmail.com,2023-05-10,1,1
460,Akash Nair,1999-12-08,female,Indore,9845600460,akash.nair460@gmail.com,2025-12-08,2,1
461,Arjun Ravi,1973-02-18,female,Gurgaon,9845600461,arjun.ravi461@gmail.com,2021-12-15,1,0
462,Gayathri Venkatesh,2006-09-21,male,Mysore,9845600462,gayathri.venkatesh462@gmail.com,2022-05-02,3,1
463,Kishore Nair,2006-10-30,female,Visakhapatnam,9845600463,kishore.nair463@gmail.com,2025-06-01,4,1
464,Ganesh Reddy,2003-08-14,male,Jaipur,9845600464,ganesh.reddy464@gmail.com,2020-09-18,2,1
465,Kishore Mishra,1958-10-26,male,Jaipur,9845600465,kishore.mishra465@gmail.com,2026-02-04,2,1
466,Vaishnavi Desai,1996-08-07,male,Madurai,9845600466,vaishnavi.desai466@gmail.com,2022-12-14,3,1
467,Nithin Murugan,1968-02-01,female,Jaipur,9845600467,nithin.murugan467@gmail.com,2023-07-30,5,0
468,Divya Arun,1994-11-02,female,Gurgaon,9845600468,divya.arun468@gmail.com,2026-05-18,1,1
469,Siva Srinivasan,1980-06-19,female,Nashik,9845600469,siva.srinivasan469@gmail.com,2021-02-24,4,1
470,Anu Das,1992-04-07,female,Rajkot,9845600470,anu.das470@gmail.com,2026-03-26,5,0
471,Aravind Venkatesh,1982-08-06,female,Chandigarh,9845600471,aravind.venkatesh471@gmail.com,2021-07-30,1,1
472,Ganesh Das,1994-05-28,female,Erode,9845600472,ganesh.das472@gmail.com,2024-06-11,1,1
473,Ganesh Nair,2004-01-01,female,Jaipur,9845600473,ganesh.nair473@gmail.com,2021-01-06,3,1
474,Gayathri Nair,2000-08-25,female,Mumbai,9845600474,gayathri.nair474@gmail.com,2025-10-07,3,1
475,Vaishnavi Prasad,1981-08-09,female,Lucknow,9845600475,vaishnavi.prasad475@gmail.com,2024-07-15,1,1
476,Praveen Jain,2008-03-25,male,Bhopal,9845600476,praveen.jain476@gmail.com,2025-07-25,1,1
477,Ganesh Naidu,1986-06-01,female,Jaipur,9845600477,ganesh.naidu477@gmail.com,2025-10-11,5,1
478,Siva Kumar,1980-01-09,male,Chandigarh,9845600478,siva.kumar478@gmail.com,2024-06-26,1,0
479,Divya Desai,1995-06-30,female,Bangalore,9845600479,divya.desai479@gmail.com,2021-04-13,4,1
480,Vihaan Khan,1983-11-15,female,Erode,9845600480,vihaan.khan480@gmail.com,2020-06-29,1,1
481,Lokesh Kumar,1986-02-16,male,Vijayawada,9845600481,lokesh.kumar481@gmail.com,2025-05-10,3,1
482,Lakshmi Babu,1967-10-31,male,Jaipur,9845600482,lakshmi.babu482@gmail.com,2025-07-18,3,1
483,Harish Pillai,1980-08-09,male,Delhi,9845600483,harish.pillai483@gmail.com,2023-04-10,5,1
484,Nisha Pillai,1984-08-14,female,Pune,9845600484,nisha.pillai484@gmail.com,2022-01-03,2,1
485,Dinesh Das,1964-09-19,male,Mumbai,9845600485,dinesh.das485@gmail.com,2026-07-19,1,1
486,Shreya Desai,2004-09-04,male,Lucknow,9845600486,shreya.desai486@gmail.com,2020-09-23,4,0
487,Kiran Yadav,1969-12-31,male,Erode,9845600487,kiran.yadav487@gmail.com,2020-11-02,1,0
488,Nisha Raj,1963-10-15,female,Surat,9845600488,nisha.raj488@gmail.com,2020-12-18,3,0
489,Ishita Krishnan,1994-02-15,female,Bhopal,9845600489,ishita.krishnan489@gmail.com,2022-03-20,4,1
490,Varun Mishra,1968-10-21,female,Salem,9845600490,varun.mishra490@gmail.com,2023-04-14,2,1
491,Praveen Arun,1975-09-27,female,Noida,9845600491,praveen.arun491@gmail.com,2023-09-27,3,1
492,Ajay Tripathi,2004-02-18,male,Pune,9845600492,ajay.tripathi492@gmail.com,2024-01-30,1,0
493,Aravind Krishnan,2003-10-16,male,Vadodara,9845600493,aravind.krishnan493@gmail.com,2020-09-27,4,1
494,Dinesh Sekar,1966-11-06,female,Ahmedabad,9845600494,dinesh.sekar494@gmail.com,2025-12-01,3,0
495,Ishita Shetty,1983-04-15,female,Madurai,9845600495,ishita.shetty495@gmail.com,2024-12-07,1,1
496,Suresh Nair,1969-01-09,male,Tiruchirappalli,9845600496,suresh.nair496@gmail.com,2024-04-30,1,1
497,Nithin Chauhan,1965-07-16,male,Tirunelveli,9845600497,nithin.chauhan497@gmail.com,2022-02-18,4,1
498,Vivaan Das,1966-04-29,female,Gurgaon,9845600498,vivaan.das498@gmail.com,2025-01-07,5,1
499,Swathi Subramanian,1995-10-19,male,Kochi,9845600499,swathi.subramanian499@gmail.com,2025-06-13,1,1
500,Akhil Raj,1960-06-27,female,Pune,9845600500,akhil.raj500@gmail.com,2024-05-07,2,1
501,Swathi Chandra,1982-06-25,male,Hyderabad,9845600501,swathi.chandra501@gmail.com,2021-12-07,1,0
502,Manoj Murugan,1980-12-09,female,Nagpur,9845600502,manoj.murugan502@gmail.com,2020-08-15,1,0
503,Divya Mohan,2001-10-05,male,Tirunelveli,9845600503,divya.mohan503@gmail.com,2025-03-29,1,0
504,Dinesh Pandey,2005-10-24,male,Kolkata,9845600504,dinesh.pandey504@gmail.com,2025-03-22,2,1
505,Aarav Kapoor,2003-09-03,female,Vadodara,9845600505,aarav.kapoor505@gmail.com,2022-02-06,3,1
506,Shreya Shetty,1992-05-07,female,Mumbai,9845600506,shreya.shetty506@gmail.com,2022-05-16,1,1
507,Sowmya Patel,1956-09-06,male,Kolkata,9845600507,sowmya.patel507@gmail.com,2023-11-17,3,0
508,Rahul Balaji,1991-04-11,male,Coimbatore,9845600508,rahul.balaji508@gmail.com,2026-06-02,1,1
509,Deepak Raj,1976-01-22,female,Tirunelveli,9845600509,deepak.raj509@gmail.com,2020-07-08,1,1
510,Revathi Agarwal,1975-10-13,male,Erode,9845600510,revathi.agarwal510@gmail.com,2025-08-23,4,1
511,Priya Fernandes,1962-07-18,male,Bhopal,9845600511,priya.fernandes511@gmail.com,2021-05-28,4,1
512,Ishita Venkatesh,2003-07-14,male,Kolkata,9845600512,ishita.venkatesh512@gmail.com,2024-08-26,3,1
513,Sanjay Naidu,1978-01-28,male,Coimbatore,9845600513,sanjay.naidu513@gmail.com,2023-08-01,4,1
514,Harini Nair,1968-07-09,male,Bhopal,9845600514,harini.nair514@gmail.com,2020-05-07,5,1
515,Ajay Shetty,1956-08-22,female,Delhi,9845600515,ajay.shetty515@gmail.com,2022-09-14,2,1
516,Dinesh Verma,1956-06-13,female,Chandigarh,9845600516,dinesh.verma516@gmail.com,2020-06-20,3,0
517,Aditya Bose,1986-02-13,male,Visakhapatnam,9845600517,aditya.bose517@gmail.com,2025-12-02,1,1
518,Mohan Agarwal,1998-11-02,male,Gurgaon,9845600518,mohan.agarwal518@gmail.com,2025-07-27,5,1
519,Deepika Tripathi,1956-07-31,male,Tirunelveli,9845600519,deepika.tripathi519@gmail.com,2022-02-14,5,1
520,Nisha Murugan,1976-10-13,male,Lucknow,9845600520,nisha.murugan520@gmail.com,2022-01-26,5,1
521,Akhil Chandra,1961-07-09,male,Kochi,9845600521,akhil.chandra521@gmail.com,2025-05-06,4,1
522,Anand Mukherjee,1959-12-15,male,Pune,9845600522,anand.mukherjee522@gmail.com,2020-07-08,3,0
523,Ishita Pillai,1992-11-16,male,Mumbai,9845600523,ishita.pillai523@gmail.com,2025-09-22,1,1
524,Prakash Rao,1982-10-13,female,Lucknow,9845600524,prakash.rao524@gmail.com,2024-04-21,1,1
525,Suresh Naidu,1999-01-08,male,Pune,9845600525,suresh.naidu525@gmail.com,2021-11-29,4,1
526,Praveen Das,1962-07-30,male,Tiruchirappalli,9845600526,praveen.das526@gmail.com,2020-09-28,2,1
527,Vinod Chandra,1958-01-02,female,Delhi,9845600527,vinod.chandra527@gmail.com,2024-07-24,1,0
528,Lokesh Raman,1994-05-09,female,Surat,9845600528,lokesh.raman528@gmail.com,2020-04-19,1,1
529,Divya Naidu,2001-10-27,male,Coimbatore,9845600529,divya.naidu529@gmail.com,2022-01-04,1,1
530,Ganesh Sharma,2002-08-20,male,Delhi,9845600530,ganesh.sharma530@gmail.com,2021-02-10,1,1
531,Saravanan Murugan,1976-01-22,female,Kolkata,9845600531,saravanan.murugan531@gmail.com,2022-09-30,3,1
532,Ashwin Sekar,1971-05-08,male,Lucknow,9845600532,ashwin.sekar532@gmail.com,2025-04-30,2,0
533,Divya Kumar,1986-04-29,female,Mumbai,9845600533,divya.kumar533@gmail.com,2024-06-27,5,1
534,Madhumitha Tripathi,2004-02-21,male,Jaipur,9845600534,madhumitha.tripathi534@gmail.com,2022-09-06,1,1
535,Madhumitha Chandra,1998-02-20,male,Coimbatore,9845600535,madhumitha.chandra535@gmail.com,2021-11-05,3,1
536,Pooja Gupta,1970-04-20,female,Coimbatore,9845600536,pooja.gupta536@gmail.com,2025-09-22,2,1
537,Mohan Bose,1967-09-26,male,Rajkot,9845600537,mohan.bose537@gmail.com,2023-02-12,2,1
538,Siva Prasad,1968-11-25,male,Hyderabad,9845600538,siva.prasad538@gmail.com,2022-04-01,1,1
539,Nandhini Chauhan,1994-04-01,female,Visakhapatnam,9845600539,nandhini.chauhan539@gmail.com,2023-07-20,4,1
540,Harish Mukherjee,1956-12-12,female,Chennai,9845600540,harish.mukherjee540@gmail.com,2023-12-24,3,0
541,Suresh Jain,1978-12-25,male,Nagpur,9845600541,suresh.jain541@gmail.com,2024-03-18,3,1
542,Riya Reddy,1992-01-26,female,Madurai,9845600542,riya.reddy542@gmail.com,2021-11-16,2,1
543,Gayathri Sekar,2007-03-21,female,Madurai,9845600543,gayathri.sekar543@gmail.com,2024-04-10,3,1
544,Sanjay Gupta,1961-05-23,female,Chennai,9845600544,sanjay.gupta544@gmail.com,2025-11-01,1,1
545,Naveen Babu,1984-03-01,male,Surat,9845600545,naveen.babu545@gmail.com,2025-05-16,3,1
546,Divya Krishnan,1963-09-04,female,Bangalore,9845600546,divya.krishnan546@gmail.com,2023-06-26,1,1
547,Vivaan Pillai,1993-11-15,male,Hyderabad,9845600547,vivaan.pillai547@gmail.com,2022-09-01,5,1
548,Aarav Babu,1987-02-13,female,Noida,9845600548,aarav.babu548@gmail.com,2021-04-18,2,1
549,Priya Singh,1975-05-04,female,Tirunelveli,9845600549,priya.singh549@gmail.com,2021-12-17,1,1
550,Aarav Kumar,1977-07-03,female,Tiruchirappalli,9845600550,aarav.kumar550@gmail.com,2024-03-17,1,1
551,Ananya Naidu,1996-09-08,female,Lucknow,9845600551,ananya.naidu551@gmail.com,2020-12-10,3,1
552,Kiran Bose,2001-10-05,female,Ahmedabad,9845600552,kiran.bose552@gmail.com,2021-07-31,2,1
553,Riya Arun,1966-04-14,male,Erode,9845600553,riya.arun553@gmail.com,2023-09-24,1,1
554,Vihaan Gupta,1980-05-12,male,Nashik,9845600554,vihaan.gupta554@gmail.com,2020-12-19,1,1
555,Prakash Gupta,1980-11-20,male,Surat,9845600555,prakash.gupta555@gmail.com,2020-08-26,4,1
556,Madhumitha Singh,1958-05-01,female,Mumbai,9845600556,madhumitha.singh556@gmail.com,2026-01-06,1,1
557,Suresh Verma,1969-07-12,male,Nagpur,9845600557,suresh.verma557@gmail.com,2023-10-06,1,1
558,Lokesh Kumar,1984-04-05,female,Lucknow,9845600558,lokesh.kumar558@gmail.com,2023-10-14,5,0
559,Pooja Gupta,1962-02-22,male,Noida,9845600559,pooja.gupta559@gmail.com,2022-05-15,2,1
560,Akhil Rao,1994-06-27,male,Mysore,9845600560,akhil.rao560@gmail.com,2022-03-25,3,1
561,Sowmya Joseph,1995-06-06,male,Mumbai,9845600561,sowmya.joseph561@gmail.com,2021-06-26,3,1
562,Ishita Raj,1983-12-26,female,Bangalore,9845600562,ishita.raj562@gmail.com,2023-07-03,2,1
563,Naveen Srinivasan,2001-11-12,male,Mysore,9845600563,naveen.srinivasan563@gmail.com,2026-01-29,5,0
564,Vihaan Bose,1993-11-10,female,Vadodara,9845600564,vihaan.bose564@gmail.com,2020-12-20,3,1
565,Kiran Menon,1999-06-17,female,Indore,9845600565,kiran.menon565@gmail.com,2024-02-04,3,1
566,Ganesh Gupta,1978-03-20,male,Erode,9845600566,ganesh.gupta566@gmail.com,2025-01-17,5,1
567,Swathi Shetty,1973-04-18,female,Erode,9845600567,swathi.shetty567@gmail.com,2022-04-22,2,1
568,Shruthi Nair,1991-06-30,male,Tiruchirappalli,9845600568,shruthi.nair568@gmail.com,2021-12-15,1,1
569,Gokul Ali,1972-05-16,female,Tirunelveli,9845600569,gokul.ali569@gmail.com,2021-08-02,1,1
570,Bharath Babu,1966-07-31,male,Mumbai,9845600570,bharath.babu570@gmail.com,2026-04-10,1,1
571,Kavya Bose,2000-11-11,female,Madurai,9845600571,kavya.bose571@gmail.com,2023-01-05,1,1
572,Madhumitha Naidu,2005-12-17,male,Jaipur,9845600572,madhumitha.naidu572@gmail.com,2022-06-18,1,0
573,Rohan Rao,2000-05-05,female,Chandigarh,9845600573,rohan.rao573@gmail.com,2021-09-26,1,1
574,Bharath Ravi,1997-03-02,female,Surat,9845600574,bharath.ravi574@gmail.com,2024-01-23,2,0
575,Harish Menon,1983-03-17,male,Pune,9845600575,harish.menon575@gmail.com,2024-09-21,3,1
576,Krishna Joseph,2001-06-25,female,Chandigarh,9845600576,krishna.joseph576@gmail.com,2026-02-08,5,1
577,Saravanan Verma,2003-08-23,male,Mumbai,9845600577,saravanan.verma577@gmail.com,2024-08-08,5,0
578,Gayathri Chandra,1967-02-26,female,Madurai,9845600578,gayathri.chandra578@gmail.com,2022-01-04,1,1
579,Madhan Mukherjee,1965-07-31,male,Jaipur,9845600579,madhan.mukherjee579@gmail.com,2024-11-06,1,1
580,Shreya Das,1978-03-06,male,Kochi,9845600580,shreya.das580@gmail.com,2025-05-12,2,1
581,Naveen Tripathi,1964-09-18,male,Surat,9845600581,naveen.tripathi581@gmail.com,2020-10-14,2,0
582,Suresh Mohan,2000-04-29,female,Hyderabad,9845600582,suresh.mohan582@gmail.com,2022-12-27,1,1
583,Suresh Tripathi,1969-10-04,male,Bangalore,9845600583,suresh.tripathi583@gmail.com,2022-03-24,5,1
584,Yogesh Kapoor,2006-08-25,male,Vadodara,9845600584,yogesh.kapoor584@gmail.com,2023-04-10,3,1
585,Aarav Thomas,1976-01-25,male,Visakhapatnam,9845600585,aarav.thomas585@gmail.com,2022-10-10,5,1
586,Kavya Selvam,1997-10-20,male,Tirunelveli,9845600586,kavya.selvam586@gmail.com,2024-11-14,5,1
587,Anjali Tripathi,2004-10-28,female,Nashik,9845600587,anjali.tripathi587@gmail.com,2025-08-16,1,1
588,Meera Raman,1961-02-14,female,Nagpur,9845600588,meera.raman588@gmail.com,2020-05-25,4,1
589,Akash Agarwal,1958-06-20,male,Surat,9845600589,akash.agarwal589@gmail.com,2021-06-16,1,0
590,Surya Pandey,1984-08-09,male,Vijayawada,9845600590,surya.pandey590@gmail.com,2022-11-28,2,1
591,Ananya Balaji,1964-11-04,female,Jaipur,9845600591,ananya.balaji591@gmail.com,2026-04-10,2,1
592,Saravanan Joseph,1974-03-27,male,Tirunelveli,9845600592,saravanan.joseph592@gmail.com,2020-10-10,3,1
593,Kishore Raj,1996-01-24,female,Madurai,9845600593,kishore.raj593@gmail.com,2024-04-05,2,1
594,Praveen Iyer,2006-08-03,male,Ahmedabad,9845600594,praveen.iyer594@gmail.com,2024-03-14,3,1
595,Sneha Selvam,1998-03-21,male,Salem,9845600595,sneha.selvam595@gmail.com,2023-10-21,1,1
596,Neha Ravi,1967-09-02,female,Vadodara,9845600596,neha.ravi596@gmail.com,2024-12-14,1,1
597,Ashwin Joseph,2006-08-19,female,Vadodara,9845600597,ashwin.joseph597@gmail.com,2026-02-18,1,1
598,Akash Agarwal,1999-08-28,female,Bhopal,9845600598,akash.agarwal598@gmail.com,2021-08-21,1,1
599,Shruthi Chandra,1987-09-14,male,Delhi,9845600599,shruthi.chandra599@gmail.com,2021-07-16,5,1
600,Aarav Subramanian,1983-07-11,female,Coimbatore,9845600600,aarav.subramanian600@gmail.com,2023-01-15,5,1
601,Sanjay Chauhan,1970-02-22,female,Jaipur,9845600601,sanjay.chauhan601@gmail.com,2021-08-09,1,1
602,Bhavya Balaji,2005-02-07,male,Vadodara,9845600602,bhavya.balaji602@gmail.com,2025-07-09,2,1
603,Madhumitha Singh,2008-11-12,male,Noida,9845600603,madhumitha.singh603@gmail.com,2025-04-22,1,1
604,Anand Murugan,1977-09-15,male,Delhi,9845600604,anand.murugan604@gmail.com,2023-08-28,1,1
605,Madhan Naidu,1958-05-05,female,Hyderabad,9845600605,madhan.naidu605@gmail.com,2020-10-21,5,1
606,Vinod Yadav,1993-06-20,female,Madurai,9845600606,vinod.yadav606@gmail.com,2026-04-05,2,1
607,Vihaan Raj,1979-08-22,male,Nagpur,9845600607,vihaan.raj607@gmail.com,2021-08-08,3,1
608,Vihaan Joseph,2002-05-28,male,Hyderabad,9845600608,vihaan.joseph608@gmail.com,2025-02-01,3,1
609,Aarav Saxena,1983-04-15,female,Tirunelveli,9845600609,aarav.saxena609@gmail.com,2020-08-04,1,1
610,Rohan Naidu,1981-11-22,male,Vijayawada,9845600610,rohan.naidu610@gmail.com,2021-09-27,2,0
611,Akhil Reddy,1974-12-07,female,Vijayawada,9845600611,akhil.reddy611@gmail.com,2025-10-30,1,1
612,Preethi Kapoor,1991-12-03,male,Bhopal,9845600612,preethi.kapoor612@gmail.com,2024-05-08,1,1
613,Senthil Mishra,1982-05-05,female,Vijayawada,9845600613,senthil.mishra613@gmail.com,2025-02-02,5,1
614,Ananya Fernandes,2000-04-12,male,Jaipur,9845600614,ananya.fernandes614@gmail.com,2023-11-11,5,0
615,Ishita Mohan,2001-02-04,female,Mysore,9845600615,ishita.mohan615@gmail.com,2023-06-16,3,1
616,Aishwarya Selvam,2006-05-04,female,Indore,9845600616,aishwarya.selvam616@gmail.com,2020-09-27,2,1
617,Suresh Fernandes,2000-03-24,female,Vadodara,9845600617,suresh.fernandes617@gmail.com,2025-02-05,2,1
618,Aravind Reddy,1987-01-29,female,Erode,9845600618,aravind.reddy618@gmail.com,2020-12-11,1,0
619,Priya Raj,1999-05-20,male,Lucknow,9845600619,priya.raj619@gmail.com,2026-02-16,1,1
620,Rohit Patel,1999-11-05,female,Erode,9845600620,rohit.patel620@gmail.com,2021-02-23,1,0
621,Surya Jain,1987-07-03,male,Bhopal,9845600621,surya.jain621@gmail.com,2021-09-21,2,0
622,Mohan Sekar,2006-03-06,male,Jaipur,9845600622,mohan.sekar622@gmail.com,2023-02-17,4,1
623,Ananya Khan,2004-11-12,female,Rajkot,9845600623,ananya.khan623@gmail.com,2023-12-30,5,1
624,Abhishek Singh,1966-02-05,female,Noida,9845600624,abhishek.singh624@gmail.com,2025-08-20,1,0
625,Karthik Agarwal,1965-03-27,male,Indore,9845600625,karthik.agarwal625@gmail.com,2021-11-05,3,1
626,Akash Pillai,2001-10-23,male,Nashik,9845600626,akash.pillai626@gmail.com,2025-11-09,1,0
627,Sneha Babu,2002-12-08,male,Chennai,9845600627,sneha.babu627@gmail.com,2021-03-08,1,1
628,Naveen Bose,1960-04-10,male,Nagpur,9845600628,naveen.bose628@gmail.com,2023-08-26,2,1
629,Prakash Bose,1999-03-16,female,Kolkata,9845600629,prakash.bose629@gmail.com,2025-05-04,4,1
630,Sneha Kumar,1963-08-27,female,Bangalore,9845600630,sneha.kumar630@gmail.com,2024-05-20,4,0
631,Anand Pandey,1976-07-09,female,Chandigarh,9845600631,anand.pandey631@gmail.com,2024-04-09,2,0
632,Ashwin Narayanan,2004-07-09,male,Tirunelveli,9845600632,ashwin.narayanan632@gmail.com,2026-03-12,1,1
633,Naveen Khan,1996-03-19,female,Mumbai,9845600633,naveen.khan633@gmail.com,2024-12-17,4,0
634,Gayathri Venkatesh,1982-03-11,male,Visakhapatnam,9845600634,gayathri.venkatesh634@gmail.com,2023-01-06,1,1
635,Anu Ravi,1966-12-17,female,Vijayawada,9845600635,anu.ravi635@gmail.com,2025-05-07,2,1
636,Rahul Saxena,1992-10-14,male,Lucknow,9845600636,rahul.saxena636@gmail.com,2024-11-02,4,1
637,Swathi Joseph,1975-08-30,male,Coimbatore,9845600637,swathi.joseph637@gmail.com,2023-02-11,1,1
638,Vinod Joseph,2007-12-15,female,Mumbai,9845600638,vinod.joseph638@gmail.com,2020-03-24,3,1
639,Kishore Patel,1975-12-06,female,Mumbai,9845600639,kishore.patel639@gmail.com,2024-02-29,2,1
640,Sanjay Tripathi,2007-08-21,male,Tirunelveli,9845600640,sanjay.tripathi640@gmail.com,2022-03-02,2,1
641,Suresh Singh,1982-05-30,female,Hyderabad,9845600641,suresh.singh641@gmail.com,2022-02-12,4,1
642,Nithin Murugan,1972-12-24,male,Vadodara,9845600642,nithin.murugan642@gmail.com,2024-04-13,3,1
643,Mohan Thomas,1977-12-14,male,Chennai,9845600643,mohan.thomas643@gmail.com,2021-01-28,4,0
644,Sneha Sekar,1971-09-06,male,Lucknow,9845600644,sneha.sekar644@gmail.com,2023-08-30,2,0
645,Deepika Srinivasan,1996-08-14,female,Mysore,9845600645,deepika.srinivasan645@gmail.com,2025-11-21,4,1
646,Rohan Sharma,1988-02-10,female,Gurgaon,9845600646,rohan.sharma646@gmail.com,2022-02-11,3,0
647,Surya Prasad,1990-12-05,male,Vijayawada,9845600647,surya.prasad647@gmail.com,2024-01-09,1,1
648,Nandhini Yadav,2008-10-03,female,Bangalore,9845600648,nandhini.yadav648@gmail.com,2023-12-18,2,1
649,Senthil Pillai,2001-05-10,male,Visakhapatnam,9845600649,senthil.pillai649@gmail.com,2021-07-12,1,1
650,Sowmya Reddy,1981-09-28,male,Salem,9845600650,sowmya.reddy650@gmail.com,2025-08-31,5,1
651,Arjun Iyer,1985-09-13,male,Pune,9845600651,arjun.iyer651@gmail.com,2024-09-04,3,1
652,Arjun Naidu,1999-06-07,female,Noida,9845600652,arjun.naidu652@gmail.com,2025-10-18,2,1
653,Kavya Venkatesh,1977-09-21,male,Vijayawada,9845600653,kavya.venkatesh653@gmail.com,2021-07-27,1,1
654,Senthil Tripathi,2007-04-28,female,Madurai,9845600654,senthil.tripathi654@gmail.com,2023-08-11,1,1
655,Dinesh Joseph,1962-08-02,male,Erode,9845600655,dinesh.joseph655@gmail.com,2024-02-07,1,1
656,Karthik Raman,2005-09-03,female,Vijayawada,9845600656,karthik.raman656@gmail.com,2020-04-06,3,1
657,Siva Naidu,1957-08-22,male,Tirunelveli,9845600657,siva.naidu657@gmail.com,2023-05-09,3,1
658,Anu Bose,1983-09-22,male,Coimbatore,9845600658,anu.bose658@gmail.com,2021-05-19,1,1
659,Abhishek Pandey,1973-06-29,male,Hyderabad,9845600659,abhishek.pandey659@gmail.com,2025-01-16,1,1
660,Saravanan Nair,1994-02-09,female,Gurgaon,9845600660,saravanan.nair660@gmail.com,2020-09-01,4,1
661,Aarav Selvam,1971-06-14,female,Coimbatore,9845600661,aarav.selvam661@gmail.com,2022-06-04,1,1
662,Sanjay Pandey,1971-11-25,male,Coimbatore,9845600662,sanjay.pandey662@gmail.com,2021-08-07,5,0
663,Aditya Verma,1986-10-31,female,Erode,9845600663,aditya.verma663@gmail.com,2022-11-04,1,1
664,Manoj Chauhan,1985-01-24,male,Tiruchirappalli,9845600664,manoj.chauhan664@gmail.com,2021-09-12,1,0
665,Ishita Murugan,1978-07-04,male,Nashik,9845600665,ishita.murugan665@gmail.com,2020-10-01,1,1
666,Kishore Singh,1970-11-27,male,Indore,9845600666,kishore.singh666@gmail.com,2020-10-02,1,1
667,Prakash Pandey,2006-09-13,female,Tirunelveli,9845600667,prakash.pandey667@gmail.com,2020-12-19,3,1
668,Arjun Selvam,2005-12-25,female,Nagpur,9845600668,arjun.selvam668@gmail.com,2025-09-22,2,1
669,Siva Kumar,1993-02-06,female,Indore,9845600669,siva.kumar669@gmail.com,2021-02-25,2,1
670,Madhumitha Fernandes,1967-09-07,male,Chandigarh,9845600670,madhumitha.fernandes670@gmail.com,2024-05-09,3,1
671,Anjali Babu,1992-10-26,male,Nagpur,9845600671,anjali.babu671@gmail.com,2025-09-11,4,1
672,Ashwin Jain,1962-06-12,male,Erode,9845600672,ashwin.jain672@gmail.com,2025-09-01,1,1
673,Sanjay Nair,1995-04-15,female,Vadodara,9845600673,sanjay.nair673@gmail.com,2020-09-13,4,1
674,Nithin Patel,1998-12-09,female,Salem,9845600674,nithin.patel674@gmail.com,2022-06-06,4,1
675,Anu Menon,1983-05-22,female,Nagpur,9845600675,anu.menon675@gmail.com,2020-03-24,4,1
676,Shruthi Sharma,1997-09-08,male,Vijayawada,9845600676,shruthi.sharma676@gmail.com,2023-02-09,1,0
677,Anand Sharma,1979-06-06,female,Vijayawada,9845600677,anand.sharma677@gmail.com,2024-08-14,3,1
678,Madhan Sharma,1997-02-27,male,Noida,9845600678,madhan.sharma678@gmail.com,2025-01-20,1,1
679,Divya Jain,1983-02-28,male,Bhopal,9845600679,divya.jain679@gmail.com,2025-03-10,2,1
680,Aarav Chandra,1999-12-17,female,Pune,9845600680,aarav.chandra680@gmail.com,2022-10-30,4,1
681,Vivaan Subramanian,1965-06-13,female,Surat,9845600681,vivaan.subramanian681@gmail.com,2022-05-10,3,1
682,Bharath Kumar,1986-02-03,female,Erode,9845600682,bharath.kumar682@gmail.com,2022-07-27,5,1
683,Kishore Murugan,1965-03-26,female,Gurgaon,9845600683,kishore.murugan683@gmail.com,2020-08-22,5,0
684,Madhan Jain,1981-11-28,male,Mysore,9845600684,madhan.jain684@gmail.com,2023-09-15,5,1
685,Shruthi Subramanian,1989-04-25,male,Coimbatore,9845600685,shruthi.subramanian685@gmail.com,2026-05-06,1,1
686,Revathi Joseph,1970-10-08,male,Chennai,9845600686,revathi.joseph686@gmail.com,2021-04-11,3,1
687,Ishita Ravi,1969-03-25,male,Visakhapatnam,9845600687,ishita.ravi687@gmail.com,2020-03-26,3,1
688,Vihaan Mishra,1986-11-25,male,Vadodara,9845600688,vihaan.mishra688@gmail.com,2023-03-03,1,0
689,Akash Joseph,1984-07-31,female,Salem,9845600689,akash.joseph689@gmail.com,2025-04-03,4,1
690,Harish Bose,2000-05-25,female,Indore,9845600690,harish.bose690@gmail.com,2024-05-02,1,1
691,Manoj Mishra,1985-07-19,male,Rajkot,9845600691,manoj.mishra691@gmail.com,2021-01-16,1,1
692,Dinesh Singh,1995-02-14,male,Erode,9845600692,dinesh.singh692@gmail.com,2022-10-05,1,1
693,Gayathri Fernandes,1991-05-21,female,Kochi,9845600693,gayathri.fernandes693@gmail.com,2020-12-06,2,1
694,Anjali Joseph,2004-12-19,female,Vadodara,9845600694,anjali.joseph694@gmail.com,2023-04-26,2,1
695,Rohit Thomas,1998-07-16,female,Jaipur,9845600695,rohit.thomas695@gmail.com,2026-06-17,2,1
696,Yogesh Arun,1988-08-02,male,Vijayawada,9845600696,yogesh.arun696@gmail.com,2020-10-18,1,1
697,Anu Selvam,2001-10-20,female,Visakhapatnam,9845600697,anu.selvam697@gmail.com,2020-12-09,2,0
698,Harish Gupta,1983-02-17,female,Indore,9845600698,harish.gupta698@gmail.com,2021-01-11,1,1
699,Ashwin Pandey,1988-08-02,female,Nashik,9845600699,ashwin.pandey699@gmail.com,2025-12-13,2,1
700,Krishna Kumar,1965-04-28,female,Mumbai,9845600700,krishna.kumar700@gmail.com,2020-08-30,1,1
701,Nisha Arun,1995-08-28,female,Surat,9845600701,nisha.arun701@gmail.com,2026-03-16,2,0
702,Aishwarya Sekar,1977-11-10,male,Vadodara,9845600702,aishwarya.sekar702@gmail.com,2022-03-14,1,1
703,Revathi Srinivasan,1990-10-16,male,Noida,9845600703,revathi.srinivasan703@gmail.com,2021-04-27,5,1
704,Neha Patel,2005-02-26,male,Bhopal,9845600704,neha.patel704@gmail.com,2021-03-01,1,1
705,Keerthana Reddy,1969-08-07,male,Ahmedabad,9845600705,keerthana.reddy705@gmail.com,2023-03-21,3,1
706,Lakshmi Ali,1992-12-02,male,Bhopal,9845600706,lakshmi.ali706@gmail.com,2021-10-04,2,1
707,Sowmya Tripathi,2006-05-26,female,Gurgaon,9845600707,sowmya.tripathi707@gmail.com,2022-10-28,1,1
708,Karthik Rao,1970-03-10,female,Mumbai,9845600708,karthik.rao708@gmail.com,2021-06-19,3,1
709,Aditya Saxena,1957-12-17,male,Visakhapatnam,9845600709,aditya.saxena709@gmail.com,2021-02-04,1,0
710,Aishwarya Chandra,1998-12-23,male,Erode,9845600710,aishwarya.chandra710@gmail.com,2025-06-05,4,1
711,Aishwarya Singh,1993-04-26,female,Chennai,9845600711,aishwarya.singh711@gmail.com,2020-08-10,4,1
712,Priya Das,1975-09-27,male,Vijayawada,9845600712,priya.das712@gmail.com,2024-02-19,2,0
713,Bharath Subramanian,1979-08-21,female,Chandigarh,9845600713,bharath.subramanian713@gmail.com,2022-06-22,1,1
714,Madhan Shetty,1971-07-17,male,Tirunelveli,9845600714,madhan.shetty714@gmail.com,2023-09-07,3,0
715,Varun Raj,2005-03-30,female,Tirunelveli,9845600715,varun.raj715@gmail.com,2024-04-24,5,1
716,Harini Das,1994-02-02,female,Hyderabad,9845600716,harini.das716@gmail.com,2026-06-11,2,1
717,Kishore Arun,1960-10-16,female,Salem,9845600717,kishore.arun717@gmail.com,2024-06-04,1,1
718,Harini Sharma,1968-11-08,female,Surat,9845600718,harini.sharma718@gmail.com,2024-08-14,1,1
719,Yogesh Rao,1964-10-30,female,Delhi,9845600719,yogesh.rao719@gmail.com,2020-02-19,1,1
720,Saravanan Selvam,2008-08-06,male,Nashik,9845600720,saravanan.selvam720@gmail.com,2023-11-13,4,1
721,Siva Fernandes,1992-07-23,female,Chandigarh,9845600721,siva.fernandes721@gmail.com,2024-09-12,2,0
722,Deepak Thomas,2003-03-31,female,Noida,9845600722,deepak.thomas722@gmail.com,2021-01-06,3,1
723,Anjali Reddy,1999-05-16,female,Erode,9845600723,anjali.reddy723@gmail.com,2023-06-05,3,1
724,Anand Gupta,1967-09-10,female,Noida,9845600724,anand.gupta724@gmail.com,2023-12-31,1,1
725,Akhil Narayanan,2003-06-06,male,Rajkot,9845600725,akhil.narayanan725@gmail.com,2022-02-09,3,1
726,Sneha Reddy,1984-06-21,male,Coimbatore,9845600726,sneha.reddy726@gmail.com,2022-05-12,5,1
727,Revathi Jain,1998-04-20,female,Salem,9845600727,revathi.jain727@gmail.com,2020-09-16,2,1
728,Bhavya Agarwal,1986-04-25,male,Rajkot,9845600728,bhavya.agarwal728@gmail.com,2022-01-08,1,0
729,Lakshmi Mohan,1994-02-01,male,Vijayawada,9845600729,lakshmi.mohan729@gmail.com,2026-05-07,3,1
730,Revathi Agarwal,1979-05-21,male,Visakhapatnam,9845600730,revathi.agarwal730@gmail.com,2021-06-21,3,0
731,Harish Verma,1974-10-31,female,Bhopal,9845600731,harish.verma731@gmail.com,2022-03-30,4,1
732,Rohit Nair,1956-05-13,female,Vijayawada,9845600732,rohit.nair732@gmail.com,2025-01-05,4,1
733,Ishita Murugan,1977-03-06,male,Hyderabad,9845600733,ishita.murugan733@gmail.com,2025-10-28,4,1
734,Harini Thomas,1974-02-25,male,Noida,9845600734,harini.thomas734@gmail.com,2022-07-05,1,1
735,Lakshmi Pandey,1981-01-13,female,Mysore,9845600735,lakshmi.pandey735@gmail.com,2025-12-29,1,0
736,Ananya Gupta,1976-04-16,female,Chandigarh,9845600736,ananya.gupta736@gmail.com,2026-04-02,2,1
737,Madhumitha Desai,2006-03-06,female,Delhi,9845600737,madhumitha.desai737@gmail.com,2024-10-30,5,1
738,Arjun Sekar,1967-12-21,male,Vijayawada,9845600738,arjun.sekar738@gmail.com,2025-02-16,4,1
739,Mohan Selvam,1969-05-12,female,Coimbatore,9845600739,mohan.selvam739@gmail.com,2021-02-19,5,1
740,Anjali Agarwal,1984-07-15,male,Mysore,9845600740,anjali.agarwal740@gmail.com,2025-04-17,1,1
741,Harish Pandey,1957-06-28,female,Nagpur,9845600741,harish.pandey741@gmail.com,2025-07-31,2,1
742,Vinod Babu,1989-11-19,male,Salem,9845600742,vinod.babu742@gmail.com,2024-12-06,3,1
743,Madhan Bose,2002-03-28,female,Nashik,9845600743,madhan.bose743@gmail.com,2024-02-23,1,1
744,Lakshmi Shetty,1976-10-02,female,Mumbai,9845600744,lakshmi.shetty744@gmail.com,2023-11-10,3,1
745,Nandhini Khan,2006-11-05,male,Madurai,9845600745,nandhini.khan745@gmail.com,2024-04-13,1,1
746,Kishore Arun,1967-08-09,male,Indore,9845600746,kishore.arun746@gmail.com,2023-02-22,3,1
747,Pooja Desai,1978-04-14,male,Vijayawada,9845600747,pooja.desai747@gmail.com,2026-01-20,1,1
748,Priya Jain,1964-01-09,female,Erode,9845600748,priya.jain748@gmail.com,2020-04-23,3,1
749,Rohit Ali,1986-03-21,female,Salem,9845600749,rohit.ali749@gmail.com,2022-02-26,4,1
750,Aravind Sekar,1959-06-15,female,Pune,9845600750,aravind.sekar750@gmail.com,2025-01-13,1,1
751,Monika Patel,1978-08-06,male,Vijayawada,9845600751,monika.patel751@gmail.com,2022-03-07,3,1
752,Vaishnavi Kapoor,1996-10-18,male,Mysore,9845600752,vaishnavi.kapoor752@gmail.com,2020-07-28,3,1
753,Deepika Naidu,1999-05-27,female,Kochi,9845600753,deepika.naidu753@gmail.com,2024-07-05,1,1
754,Akhil Menon,2002-05-31,male,Kolkata,9845600754,akhil.menon754@gmail.com,2026-05-13,4,0
755,Divya Tripathi,1974-09-03,female,Nashik,9845600755,divya.tripathi755@gmail.com,2020-08-05,1,1
756,Varun Venkatesh,1965-08-27,female,Erode,9845600756,varun.venkatesh756@gmail.com,2023-04-14,1,1
757,Praveen Prasad,1960-04-05,female,Surat,9845600757,praveen.prasad757@gmail.com,2020-08-09,5,1
758,Rohit Chandra,1992-02-28,female,Tiruchirappalli,9845600758,rohit.chandra758@gmail.com,2021-07-03,3,0
759,Sowmya Kumar,1980-10-21,female,Delhi,9845600759,sowmya.kumar759@gmail.com,2020-07-15,1,1
760,Keerthana Desai,1962-12-22,female,Madurai,9845600760,keerthana.desai760@gmail.com,2021-04-25,4,1
761,Neha Pillai,1971-10-25,male,Lucknow,9845600761,neha.pillai761@gmail.com,2026-07-19,1,1
762,Bharath Saxena,1974-08-28,female,Vijayawada,9845600762,bharath.saxena762@gmail.com,2021-12-02,1,0
763,Ganesh Tripathi,1972-08-02,female,Tiruchirappalli,9845600763,ganesh.tripathi763@gmail.com,2020-09-07,5,1
764,Lokesh Ravi,2005-07-20,female,Mumbai,9845600764,lokesh.ravi764@gmail.com,2023-01-25,3,1
765,Saravanan Desai,2005-01-11,male,Pune,9845600765,saravanan.desai765@gmail.com,2024-12-24,5,1
766,Revathi Agarwal,1995-12-16,female,Pune,9845600766,revathi.agarwal766@gmail.com,2023-11-24,1,1
767,Akash Ravi,1968-01-10,female,Chennai,9845600767,akash.ravi767@gmail.com,2021-02-24,1,0
768,Aarav Bose,2001-06-08,male,Tirunelveli,9845600768,aarav.bose768@gmail.com,2022-07-02,1,1
769,Shreya Murugan,2002-07-15,female,Coimbatore,9845600769,shreya.murugan769@gmail.com,2025-09-02,4,1
770,Anu Singh,1979-08-09,male,Nagpur,9845600770,anu.singh770@gmail.com,2020-03-11,3,0
771,Suresh Sharma,1981-12-23,male,Bhopal,9845600771,suresh.sharma771@gmail.com,2026-03-06,3,0
772,Pooja Srinivasan,1969-08-07,male,Chennai,9845600772,pooja.srinivasan772@gmail.com,2023-01-09,2,1
773,Gayathri Raj,1985-11-18,male,Coimbatore,9845600773,gayathri.raj773@gmail.com,2023-04-02,1,1
774,Shreya Prasad,1956-02-07,male,Delhi,9845600774,shreya.prasad774@gmail.com,2021-08-28,2,1
775,Preethi Joseph,1996-09-04,male,Nagpur,9845600775,preethi.joseph775@gmail.com,2023-04-07,2,1
776,Mohan Rao,1990-09-26,female,Bhopal,9845600776,mohan.rao776@gmail.com,2020-03-31,3,1
777,Aditya Raman,1975-07-28,male,Tiruchirappalli,9845600777,aditya.raman777@gmail.com,2023-10-09,2,1
778,Vivaan Bose,1962-04-13,male,Mysore,9845600778,vivaan.bose778@gmail.com,2022-10-11,1,1
779,Riya Reddy,1972-11-27,female,Bhopal,9845600779,riya.reddy779@gmail.com,2021-09-04,5,1
780,Bharath Tripathi,1972-06-04,female,Vadodara,9845600780,bharath.tripathi780@gmail.com,2025-02-11,4,1
781,Aravind Nair,1983-10-03,male,Kochi,9845600781,aravind.nair781@gmail.com,2021-04-27,2,1
782,Gokul Desai,1978-06-10,female,Tirunelveli,9845600782,gokul.desai782@gmail.com,2024-01-19,1,1
783,Akash Sharma,1996-08-15,female,Nagpur,9845600783,akash.sharma783@gmail.com,2024-08-27,3,1
784,Aishwarya Singh,1988-11-14,male,Chandigarh,9845600784,aishwarya.singh784@gmail.com,2026-04-23,1,1
785,Gayathri Naidu,1986-10-22,male,Surat,9845600785,gayathri.naidu785@gmail.com,2020-04-22,1,1
786,Anu Verma,1965-06-01,male,Delhi,9845600786,anu.verma786@gmail.com,2022-01-15,3,1
787,Akash Das,2006-07-23,female,Ahmedabad,9845600787,akash.das787@gmail.com,2023-06-07,2,0
788,Surya Kumar,2008-08-23,male,Visakhapatnam,9845600788,surya.kumar788@gmail.com,2020-08-19,2,1
789,Meera Thomas,2007-02-06,male,Erode,9845600789,meera.thomas789@gmail.com,2020-05-28,4,1
790,Nithin Subramanian,1982-03-26,female,Vijayawada,9845600790,nithin.subramanian790@gmail.com,2025-05-05,4,1
791,Riya Verma,1966-07-20,female,Pune,9845600791,riya.verma791@gmail.com,2023-03-05,1,1
792,Sanjay Tripathi,1974-10-25,female,Surat,9845600792,sanjay.tripathi792@gmail.com,2021-08-04,4,1
793,Vivaan Venkatesh,1992-02-28,male,Pune,9845600793,vivaan.venkatesh793@gmail.com,2022-10-07,4,0
794,Riya Singh,1982-09-28,male,Vadodara,9845600794,riya.singh794@gmail.com,2026-05-04,1,1
795,Ajay Menon,1958-04-08,male,Tiruchirappalli,9845600795,ajay.menon795@gmail.com,2025-05-14,2,1
796,Saravanan Selvam,1979-05-30,female,Tirunelveli,9845600796,saravanan.selvam796@gmail.com,2025-11-20,1,1
797,Harish Arun,2001-07-14,male,Tiruchirappalli,9845600797,harish.arun797@gmail.com,2023-07-13,3,1
798,Ajay Sharma,1999-04-03,female,Vadodara,9845600798,ajay.sharma798@gmail.com,2021-09-29,5,0
799,Surya Murugan,2003-03-28,female,Kochi,9845600799,surya.murugan799@gmail.com,2025-08-21,1,1
800,Meera Ali,1979-11-10,female,Tiruchirappalli,9845600800,meera.ali800@gmail.com,2020-09-17,5,0
801,Naveen Arun,1968-09-14,female,Delhi,9845600801,naveen.arun801@gmail.com,2026-03-07,5,1
802,Deepak Malhotra,2007-06-09,female,Nashik,9845600802,deepak.malhotra802@gmail.com,2020-04-17,1,0
803,Sanjay Chauhan,1968-09-20,female,Mumbai,9845600803,sanjay.chauhan803@gmail.com,2026-05-22,3,1
804,Aarav Malhotra,2008-02-07,male,Kolkata,9845600804,aarav.malhotra804@gmail.com,2020-03-10,5,0
805,Suresh Mishra,1984-10-07,female,Kolkata,9845600805,suresh.mishra805@gmail.com,2022-01-08,1,1
806,Harini Narayanan,1966-09-09,female,Pune,9845600806,harini.narayanan806@gmail.com,2022-04-04,4,1
807,Aarav Das,1992-04-04,female,Nagpur,9845600807,aarav.das807@gmail.com,2021-12-11,3,1
808,Aarav Reddy,1968-12-29,female,Mumbai,9845600808,aarav.reddy808@gmail.com,2020-02-04,3,1
809,Mohan Babu,1977-11-17,female,Kolkata,9845600809,mohan.babu809@gmail.com,2026-06-10,2,1
810,Aditya Patel,1968-09-14,female,Mysore,9845600810,aditya.patel810@gmail.com,2024-09-24,1,1
811,Pooja Rao,1972-10-09,female,Bhopal,9845600811,pooja.rao811@gmail.com,2020-07-23,2,0
812,Manoj Verma,1982-01-12,male,Erode,9845600812,manoj.verma812@gmail.com,2025-02-22,5,0
813,Aarav Ravi,1998-10-30,male,Vijayawada,9845600813,aarav.ravi813@gmail.com,2023-03-30,4,1
814,Rohit Balaji,1959-11-08,female,Surat,9845600814,rohit.balaji814@gmail.com,2026-01-09,4,1
815,Aravind Narayanan,1959-11-15,female,Kolkata,9845600815,aravind.narayanan815@gmail.com,2021-09-08,2,1
816,Monika Menon,1997-10-22,male,Salem,9845600816,monika.menon816@gmail.com,2025-12-05,4,1
817,Gayathri Verma,1974-05-24,male,Kochi,9845600817,gayathri.verma817@gmail.com,2025-10-02,4,1
818,Divya Gupta,1981-06-11,male,Jaipur,9845600818,divya.gupta818@gmail.com,2025-08-29,1,1
819,Nisha Desai,1978-07-22,female,Gurgaon,9845600819,nisha.desai819@gmail.com,2022-01-11,1,1
820,Krishna Sekar,2006-11-16,male,Bangalore,9845600820,krishna.sekar820@gmail.com,2025-08-08,4,1
821,Nithin Murugan,1988-03-21,male,Bhopal,9845600821,nithin.murugan821@gmail.com,2021-04-09,2,1
822,Rahul Sekar,2006-01-30,female,Erode,9845600822,rahul.sekar822@gmail.com,2020-06-15,1,1
823,Gokul Ali,1962-10-11,female,Delhi,9845600823,gokul.ali823@gmail.com,2022-11-05,5,1
824,Lokesh Sekar,2003-08-01,male,Vijayawada,9845600824,lokesh.sekar824@gmail.com,2020-01-19,3,1
825,Harish Venkatesh,1976-09-15,female,Mysore,9845600825,harish.venkatesh825@gmail.com,2023-08-19,1,1
826,Lakshmi Yadav,1965-12-04,male,Vijayawada,9845600826,lakshmi.yadav826@gmail.com,2022-09-30,1,1
827,Harini Naidu,2008-03-15,male,Mysore,9845600827,harini.naidu827@gmail.com,2024-06-10,3,1
828,Naveen Venkatesh,2005-08-28,female,Tiruchirappalli,9845600828,naveen.venkatesh828@gmail.com,2026-06-04,4,1
829,Keerthana Srinivasan,1957-02-22,male,Visakhapatnam,9845600829,keerthana.srinivasan829@gmail.com,2022-04-18,5,1
830,Vaishnavi Rao,1974-05-17,male,Jaipur,9845600830,vaishnavi.rao830@gmail.com,2025-05-02,1,1
831,Siva Khan,1975-09-13,female,Bhopal,9845600831,siva.khan831@gmail.com,2020-10-24,1,1
832,Manoj Babu,1997-02-18,male,Rajkot,9845600832,manoj.babu832@gmail.com,2020-12-21,1,1
833,Yogesh Reddy,1972-09-02,male,Jaipur,9845600833,yogesh.reddy833@gmail.com,2022-12-11,1,1
834,Monika Mukherjee,1996-03-06,male,Jaipur,9845600834,monika.mukherjee834@gmail.com,2025-03-23,1,1
835,Naveen Saxena,1996-10-09,male,Salem,9845600835,naveen.saxena835@gmail.com,2026-01-01,4,1
836,Shreya Raj,1963-09-22,male,Noida,9845600836,shreya.raj836@gmail.com,2023-02-14,5,1
837,Neha Thomas,1976-06-11,male,Coimbatore,9845600837,neha.thomas837@gmail.com,2025-12-13,3,1
838,Vignesh Joseph,1971-08-22,female,Indore,9845600838,vignesh.joseph838@gmail.com,2025-11-12,2,1
839,Aravind Chauhan,2005-09-09,female,Erode,9845600839,aravind.chauhan839@gmail.com,2020-10-12,3,1
840,Priya Bose,1986-08-14,male,Nashik,9845600840,priya.bose840@gmail.com,2023-03-19,5,0
841,Vivaan Agarwal,1984-11-01,female,Hyderabad,9845600841,vivaan.agarwal841@gmail.com,2025-04-17,1,0
842,Ajay Krishnan,2004-03-25,female,Mysore,9845600842,ajay.krishnan842@gmail.com,2025-09-03,4,1
843,Madhan Raman,1986-03-07,male,Salem,9845600843,madhan.raman843@gmail.com,2022-01-21,3,0
844,Rohan Raj,1964-07-18,male,Bangalore,9845600844,rohan.raj844@gmail.com,2020-09-12,5,1
845,Vaishnavi Prasad,1956-04-03,female,Visakhapatnam,9845600845,vaishnavi.prasad845@gmail.com,2024-05-21,2,1
846,Surya Mishra,1985-05-13,male,Chennai,9845600846,surya.mishra846@gmail.com,2026-07-25,2,1
847,Shruthi Jain,1995-03-25,female,Bangalore,9845600847,shruthi.jain847@gmail.com,2025-10-18,2,1
848,Preethi Balaji,1974-06-20,female,Pune,9845600848,preethi.balaji848@gmail.com,2024-12-17,3,1
849,Sneha Subramanian,1989-05-19,female,Erode,9845600849,sneha.subramanian849@gmail.com,2022-07-16,4,1
850,Harish Narayanan,1956-11-29,male,Mumbai,9845600850,harish.narayanan850@gmail.com,2024-02-11,5,1
851,Vignesh Shetty,1979-10-06,male,Tiruchirappalli,9845600851,vignesh.shetty851@gmail.com,2022-03-28,4,1
852,Anu Desai,1980-07-10,male,Tiruchirappalli,9845600852,anu.desai852@gmail.com,2024-06-18,2,1
853,Aishwarya Pandey,1998-11-30,female,Ahmedabad,9845600853,aishwarya.pandey853@gmail.com,2020-04-14,1,1
854,Anjali Desai,1962-03-20,female,Surat,9845600854,anjali.desai854@gmail.com,2025-05-20,4,1
855,Shreya Joseph,1980-07-24,female,Mysore,9845600855,shreya.joseph855@gmail.com,2025-07-04,4,0
856,Dinesh Raj,2008-10-21,male,Erode,9845600856,dinesh.raj856@gmail.com,2023-05-30,1,1
857,Shreya Verma,1979-01-27,female,Mysore,9845600857,shreya.verma857@gmail.com,2024-07-22,4,1
858,Suresh Fernandes,1994-09-09,male,Nagpur,9845600858,suresh.fernandes858@gmail.com,2026-07-10,4,0
859,Ganesh Sharma,1974-05-28,female,Chandigarh,9845600859,ganesh.sharma859@gmail.com,2025-03-14,1,1
860,Bhavya Raj,1981-06-16,female,Nashik,9845600860,bhavya.raj860@gmail.com,2026-05-27,5,0
861,Ramesh Krishnan,2007-03-15,male,Lucknow,9845600861,ramesh.krishnan861@gmail.com,2020-06-16,1,1
862,Vihaan Arun,1976-05-19,female,Noida,9845600862,vihaan.arun862@gmail.com,2024-10-31,5,1
863,Pooja Raman,1986-02-07,male,Nagpur,9845600863,pooja.raman863@gmail.com,2023-01-30,5,1
864,Lakshmi Krishnan,1972-06-02,female,Jaipur,9845600864,lakshmi.krishnan864@gmail.com,2025-05-09,1,1
865,Pooja Venkatesh,2005-05-25,female,Surat,9845600865,pooja.venkatesh865@gmail.com,2020-04-19,1,1
866,Saravanan Ali,1968-12-17,male,Hyderabad,9845600866,saravanan.ali866@gmail.com,2024-05-24,1,0
867,Divya Tripathi,1977-03-18,female,Mysore,9845600867,divya.tripathi867@gmail.com,2020-03-02,4,1
868,Ramesh Selvam,1998-10-21,male,Bangalore,9845600868,ramesh.selvam868@gmail.com,2024-11-10,5,1
869,Karthik Raman,1980-06-04,male,Nashik,9845600869,karthik.raman869@gmail.com,2024-01-11,1,1
870,Preethi Sekar,1965-04-12,female,Kochi,9845600870,preethi.sekar870@gmail.com,2021-10-10,1,1
871,Shreya Fernandes,1983-12-08,male,Nashik,9845600871,shreya.fernandes871@gmail.com,2023-09-16,1,1
872,Riya Verma,1959-10-08,female,Indore,9845600872,riya.verma872@gmail.com,2025-10-24,2,1
873,Rahul Subramanian,1964-09-01,male,Indore,9845600873,rahul.subramanian873@gmail.com,2026-02-24,2,1
874,Karthik Mukherjee,2003-04-19,male,Erode,9845600874,karthik.mukherjee874@gmail.com,2024-12-08,5,1
875,Priya Rao,1986-08-01,male,Mysore,9845600875,priya.rao875@gmail.com,2025-10-18,4,1
876,Dinesh Das,1983-12-01,male,Bangalore,9845600876,dinesh.das876@gmail.com,2023-08-30,1,0
877,Krishna Arun,2000-02-23,male,Tiruchirappalli,9845600877,krishna.arun877@gmail.com,2020-08-04,4,1
878,Deepak Ali,1965-09-08,female,Chandigarh,9845600878,deepak.ali878@gmail.com,2022-10-31,1,1
879,Bharath Patel,1969-07-10,male,Ahmedabad,9845600879,bharath.patel879@gmail.com,2023-05-18,1,1
880,Swathi Prasad,2002-05-21,female,Kochi,9845600880,swathi.prasad880@gmail.com,2020-02-23,1,1
881,Surya Gupta,2000-12-26,female,Vijayawada,9845600881,surya.gupta881@gmail.com,2021-03-27,2,1
882,Prakash Murugan,1977-01-06,male,Nashik,9845600882,prakash.murugan882@gmail.com,2026-07-12,3,1
883,Abhishek Ali,1956-03-19,male,Chandigarh,9845600883,abhishek.ali883@gmail.com,2020-08-28,2,1
884,Rohit Mishra,1995-11-06,female,Vadodara,9845600884,rohit.mishra884@gmail.com,2022-10-22,5,1
885,Aditya Nair,1957-09-10,male,Salem,9845600885,aditya.nair885@gmail.com,2022-04-24,2,1
886,Anu Saxena,2006-09-16,female,Kolkata,9845600886,anu.saxena886@gmail.com,2022-10-19,3,1
887,Rakesh Srinivasan,1999-01-06,male,Ahmedabad,9845600887,rakesh.srinivasan887@gmail.com,2020-07-04,3,1
888,Senthil Das,2003-06-25,female,Surat,9845600888,senthil.das888@gmail.com,2021-07-18,5,1
889,Nandhini Mishra,1991-01-26,male,Gurgaon,9845600889,nandhini.mishra889@gmail.com,2025-07-23,1,1
890,Preethi Sekar,1974-10-18,female,Kochi,9845600890,preethi.sekar890@gmail.com,2026-07-21,3,0
891,Lokesh Arun,1998-02-28,male,Tirunelveli,9845600891,lokesh.arun891@gmail.com,2024-05-21,4,1
892,Kavya Jain,1985-02-15,female,Noida,9845600892,kavya.jain892@gmail.com,2021-05-06,1,1
893,Vinod Arun,1995-03-05,female,Chennai,9845600893,vinod.arun893@gmail.com,2022-09-11,1,1
894,Vinod Chandra,2005-09-17,male,Vadodara,9845600894,vinod.chandra894@gmail.com,2024-11-09,2,0
895,Bhavya Subramanian,1980-05-25,female,Chennai,9845600895,bhavya.subramanian895@gmail.com,2026-03-23,5,1
896,Neha Sharma,2006-10-04,female,Chennai,9845600896,neha.sharma896@gmail.com,2025-02-25,1,1
897,Revathi Sharma,1966-08-18,female,Tirunelveli,9845600897,revathi.sharma897@gmail.com,2020-04-30,2,0
898,Ashwin Selvam,1962-04-16,male,Lucknow,9845600898,ashwin.selvam898@gmail.com,2023-07-24,1,1
899,Ganesh Nair,1963-09-27,female,Vadodara,9845600899,ganesh.nair899@gmail.com,2022-01-03,1,1
900,Arjun Thomas,1986-10-06,male,Salem,9845600900,arjun.thomas900@gmail.com,2026-02-12,4,1
901,Siva Mukherjee,1965-08-25,male,Chennai,9845600901,siva.mukherjee901@gmail.com,2024-03-02,5,0
902,Rohan Babu,1986-05-01,male,Rajkot,9845600902,rohan.babu902@gmail.com,2023-10-09,4,1
903,Siva Gupta,1957-04-15,female,Noida,9845600903,siva.gupta903@gmail.com,2022-04-08,1,1
904,Vaishnavi Singh,1960-05-19,female,Nashik,9845600904,vaishnavi.singh904@gmail.com,2020-11-23,3,1
905,Kavya Mohan,1959-04-17,female,Mysore,9845600905,kavya.mohan905@gmail.com,2024-07-03,4,1
906,Saravanan Joseph,2008-01-23,male,Hyderabad,9845600906,saravanan.joseph906@gmail.com,2025-10-31,3,0
907,Aarav Patel,1975-04-14,female,Mumbai,9845600907,aarav.patel907@gmail.com,2026-04-18,5,1
908,Kishore Tripathi,1964-07-25,female,Chandigarh,9845600908,kishore.tripathi908@gmail.com,2021-02-17,4,1
909,Meera Kumar,1991-03-19,male,Vadodara,9845600909,meera.kumar909@gmail.com,2022-06-17,2,0
910,Suresh Iyer,1988-09-05,male,Coimbatore,9845600910,suresh.iyer910@gmail.com,2022-05-10,2,1
911,Riya Narayanan,1998-02-25,female,Vadodara,9845600911,riya.narayanan911@gmail.com,2020-05-27,3,1
912,Senthil Menon,1981-05-07,male,Visakhapatnam,9845600912,senthil.menon912@gmail.com,2021-03-13,5,1
913,Bhavya Subramanian,1983-05-23,female,Lucknow,9845600913,bhavya.subramanian913@gmail.com,2022-03-25,1,1
914,Kiran Desai,1991-04-24,female,Kolkata,9845600914,kiran.desai914@gmail.com,2022-11-03,3,1
915,Nandhini Thomas,1981-12-17,male,Nagpur,9845600915,nandhini.thomas915@gmail.com,2025-08-15,1,0
916,Varun Verma,2003-04-26,female,Delhi,9845600916,varun.verma916@gmail.com,2021-10-06,1,0
917,Ajay Gupta,1992-08-23,male,Gurgaon,9845600917,ajay.gupta917@gmail.com,2024-07-05,4,1
918,Nisha Pandey,1976-07-09,male,Salem,9845600918,nisha.pandey918@gmail.com,2025-07-08,1,1
919,Sanjay Rao,1982-08-13,female,Coimbatore,9845600919,sanjay.rao919@gmail.com,2022-08-07,1,1
920,Karthik Mishra,1958-09-04,female,Coimbatore,9845600920,karthik.mishra920@gmail.com,2021-01-01,1,1
921,Keerthana Sharma,1990-02-17,female,Mumbai,9845600921,keerthana.sharma921@gmail.com,2020-05-26,4,1
922,Surya Mukherjee,2006-06-03,female,Vadodara,9845600922,surya.mukherjee922@gmail.com,2022-01-18,2,1
923,Akash Iyer,1970-10-17,female,Ahmedabad,9845600923,akash.iyer923@gmail.com,2025-09-19,1,1
924,Ramesh Joseph,1965-01-14,female,Chandigarh,9845600924,ramesh.joseph924@gmail.com,2025-09-30,1,0
925,Dinesh Arun,1990-03-25,female,Bhopal,9845600925,dinesh.arun925@gmail.com,2024-06-06,1,1
926,Monika Raman,2001-02-22,female,Salem,9845600926,monika.raman926@gmail.com,2022-10-11,3,1
927,Vignesh Prasad,1977-09-17,female,Rajkot,9845600927,vignesh.prasad927@gmail.com,2025-01-30,4,1
928,Neha Mukherjee,1982-05-27,male,Surat,9845600928,neha.mukherjee928@gmail.com,2023-03-24,1,0
929,Nandhini Ravi,1993-10-23,female,Gurgaon,9845600929,nandhini.ravi929@gmail.com,2020-04-15,1,1
930,Aravind Khan,1967-09-08,female,Nagpur,9845600930,aravind.khan930@gmail.com,2023-11-15,2,1
931,Suresh Chauhan,1966-05-29,male,Kolkata,9845600931,suresh.chauhan931@gmail.com,2020-04-16,1,1
932,Rohit Patel,1970-08-10,female,Coimbatore,9845600932,rohit.patel932@gmail.com,2023-02-11,1,1
933,Vignesh Babu,1958-12-16,female,Kolkata,9845600933,vignesh.babu933@gmail.com,2025-04-14,3,1
934,Revathi Patel,2000-07-19,female,Visakhapatnam,9845600934,revathi.patel934@gmail.com,2022-06-14,3,1
935,Manoj Ravi,1974-10-27,male,Gurgaon,9845600935,manoj.ravi935@gmail.com,2023-05-12,5,1
936,Harish Balaji,1978-12-01,male,Ahmedabad,9845600936,harish.balaji936@gmail.com,2021-12-29,1,1
937,Akhil Balaji,2008-08-02,male,Tiruchirappalli,9845600937,akhil.balaji937@gmail.com,2025-11-25,1,0
938,Preethi Yadav,1972-05-21,male,Bhopal,9845600938,preethi.yadav938@gmail.com,2020-09-15,4,1
939,Aishwarya Yadav,1963-08-24,female,Noida,9845600939,aishwarya.yadav939@gmail.com,2021-03-14,3,1
940,Keerthana Mohan,1997-05-26,male,Vijayawada,9845600940,keerthana.mohan940@gmail.com,2025-11-29,4,1
941,Suresh Srinivasan,1979-04-03,female,Jaipur,9845600941,suresh.srinivasan941@gmail.com,2026-05-07,1,1
942,Nithin Agarwal,1977-10-12,female,Madurai,9845600942,nithin.agarwal942@gmail.com,2023-05-15,5,1
943,Aarav Prasad,1995-01-05,female,Kolkata,9845600943,aarav.prasad943@gmail.com,2021-12-19,2,1
944,Ganesh Yadav,1957-03-06,male,Vijayawada,9845600944,ganesh.yadav944@gmail.com,2020-11-21,1,0
945,Akash Chandra,1983-05-13,male,Chandigarh,9845600945,akash.chandra945@gmail.com,2026-05-01,2,1
946,Nisha Prasad,1987-09-17,male,Visakhapatnam,9845600946,nisha.prasad946@gmail.com,2022-07-14,1,1
947,Swathi Chandra,2006-05-06,male,Madurai,9845600947,swathi.chandra947@gmail.com,2025-02-21,3,1
948,Yogesh Krishnan,1995-09-16,female,Indore,9845600948,yogesh.krishnan948@gmail.com,2023-12-23,2,1
949,Kishore Jain,2001-05-20,male,Chandigarh,9845600949,kishore.jain949@gmail.com,2022-12-05,2,1
950,Lakshmi Raman,1983-11-16,male,Rajkot,9845600950,lakshmi.raman950@gmail.com,2026-07-17,5,1
951,Naveen Naidu,1962-12-27,female,Chennai,9845600951,naveen.naidu951@gmail.com,2025-10-11,4,1
952,Anand Sharma,1983-05-11,female,Visakhapatnam,9845600952,anand.sharma952@gmail.com,2022-11-17,5,1
953,Karthik Shetty,1989-04-04,female,Vijayawada,9845600953,karthik.shetty953@gmail.com,2025-11-01,1,0
954,Ishita Narayanan,1999-02-28,male,Ahmedabad,9845600954,ishita.narayanan954@gmail.com,2020-08-28,2,1
955,Revathi Thomas,1971-02-04,female,Nagpur,9845600955,revathi.thomas955@gmail.com,2023-12-13,3,1
956,Naveen Chauhan,1981-08-22,male,Mumbai,9845600956,naveen.chauhan956@gmail.com,2021-03-14,1,1
957,Kiran Nair,1964-04-08,male,Lucknow,9845600957,kiran.nair957@gmail.com,2021-07-13,1,1
958,Rohit Patel,2003-04-17,male,Tirunelveli,9845600958,rohit.patel958@gmail.com,2020-06-27,2,1
959,Anand Rao,1987-05-22,male,Lucknow,9845600959,anand.rao959@gmail.com,2024-11-28,2,1
960,Lakshmi Kumar,2006-12-23,male,Tirunelveli,9845600960,lakshmi.kumar960@gmail.com,2021-09-03,5,1
961,Lokesh Narayanan,1966-06-28,female,Tiruchirappalli,9845600961,lokesh.narayanan961@gmail.com,2023-02-24,1,1
962,Prakash Yadav,2007-11-19,male,Ahmedabad,9845600962,prakash.yadav962@gmail.com,2021-04-06,2,1
963,Anu Kapoor,1965-03-07,male,Surat,9845600963,anu.kapoor963@gmail.com,2021-04-02,1,1
964,Naveen Yadav,1981-07-20,male,Tiruchirappalli,9845600964,naveen.yadav964@gmail.com,2023-05-19,2,0
965,Mohan Chandra,1993-10-27,female,Chennai,9845600965,mohan.chandra965@gmail.com,2024-07-26,1,0
966,Monika Arun,1964-03-08,female,Gurgaon,9845600966,monika.arun966@gmail.com,2021-02-14,1,1
967,Suresh Chauhan,1963-06-05,male,Rajkot,9845600967,suresh.chauhan967@gmail.com,2021-05-28,3,1
968,Ajay Das,1973-09-14,male,Bhopal,9845600968,ajay.das968@gmail.com,2020-02-06,2,1
969,Ashwin Srinivasan,1971-07-29,male,Delhi,9845600969,ashwin.srinivasan969@gmail.com,2021-03-16,5,1
970,Meera Thomas,1994-07-19,male,Tirunelveli,9845600970,meera.thomas970@gmail.com,2021-12-20,1,1
971,Pooja Subramanian,1957-03-07,female,Visakhapatnam,9845600971,pooja.subramanian971@gmail.com,2023-01-03,4,1
972,Kishore Narayanan,1989-01-24,female,Hyderabad,9845600972,kishore.narayanan972@gmail.com,2020-04-23,5,1
973,Monika Patel,1978-10-17,male,Noida,9845600973,monika.patel973@gmail.com,2023-09-16,5,1
974,Kavya Venkatesh,1971-04-06,female,Madurai,9845600974,kavya.venkatesh974@gmail.com,2021-11-07,1,1
975,Aarav Ali,2002-02-10,female,Nashik,9845600975,aarav.ali975@gmail.com,2022-07-25,1,0
976,Bhavya Joseph,1991-12-24,female,Coimbatore,9845600976,bhavya.joseph976@gmail.com,2022-09-25,1,1
977,Sowmya Selvam,1958-03-05,female,Vijayawada,9845600977,sowmya.selvam977@gmail.com,2024-06-10,2,1
978,Swathi Das,1979-02-20,female,Madurai,9845600978,swathi.das978@gmail.com,2022-07-18,5,1
979,Deepak Subramanian,1962-10-01,male,Kolkata,9845600979,deepak.subramanian979@gmail.com,2020-02-22,1,1
980,Lokesh Sharma,2005-02-11,female,Delhi,9845600980,lokesh.sharma980@gmail.com,2025-11-06,1,1
981,Siva Thomas,1998-05-13,male,Jaipur,9845600981,siva.thomas981@gmail.com,2020-08-17,1,0
982,Lakshmi Nair,1971-03-15,male,Madurai,9845600982,lakshmi.nair982@gmail.com,2024-11-14,2,1
983,Pooja Sharma,1975-04-02,male,Delhi,9845600983,pooja.sharma983@gmail.com,2023-07-10,3,1
984,Bhavya Balaji,1992-10-28,female,Mysore,9845600984,bhavya.balaji984@gmail.com,2024-11-24,1,1
985,Suresh Verma,1961-11-30,female,Kochi,9845600985,suresh.verma985@gmail.com,2020-07-01,3,1
986,Bhavya Ali,1957-05-09,male,Tirunelveli,9845600986,bhavya.ali986@gmail.com,2023-11-14,1,1
987,Senthil Khan,1956-01-06,male,Erode,9845600987,senthil.khan987@gmail.com,2022-05-30,3,0
988,Dinesh Das,2003-03-17,male,Vadodara,9845600988,dinesh.das988@gmail.com,2020-02-04,1,1
989,Meera Ali,1956-09-14,female,Pune,9845600989,meera.ali989@gmail.com,2020-10-12,3,1
990,Ganesh Saxena,1990-12-02,female,Kolkata,9845600990,ganesh.saxena990@gmail.com,2020-06-18,2,1
991,Varun Balaji,1969-11-29,female,Gurgaon,9845600991,varun.balaji991@gmail.com,2023-04-02,4,1
992,Meera Prasad,1961-06-09,female,Mysore,9845600992,meera.prasad992@gmail.com,2024-12-20,2,1
993,Dinesh Mukherjee,1982-04-01,female,Ahmedabad,9845600993,dinesh.mukherjee993@gmail.com,2023-05-30,1,1
994,Preethi Kapoor,2002-04-12,male,Salem,9845600994,preethi.kapoor994@gmail.com,2024-05-19,1,1
995,Sneha Verma,1986-02-14,male,Gurgaon,9845600995,sneha.verma995@gmail.com,2025-01-21,3,1
996,Rohit Pillai,1958-07-27,male,Rajkot,9845600996,rohit.pillai996@gmail.com,2021-09-19,4,1
997,Ajay Thomas,1966-04-20,female,Vadodara,9845600997,ajay.thomas997@gmail.com,2020-10-28,3,1
998,Monika Arun,1959-08-26,female,Jaipur,9845600998,monika.arun998@gmail.com,2021-08-06,1,0
999,Rakesh Jain,1979-05-31,female,Lucknow,9845600999,rakesh.jain999@gmail.com,2025-02-19,1,1
1000,Lakshmi Subramanian,1976-03-01,female,Noida,9845601000,lakshmi.subramanian1000@gmail.com,2025-01-08,2,1
