product_id,sku,category_id,brand,model,cost_price,selling_price,manufacture_date,status,supplier_id
1,ST-KIN-0001,12,Kingston,DataTraveler Max,17379,19117,2025-10-02,In Stock,16
2,CO-HP-0002,8,HP,Wireless Keyboard 330,6488,7721,2025-12-05,In Stock,4
3,CA-PAN-0003,10,Panasonic,Lumix S5 II,232175,287897,2025-09-15,In Stock,36
4,CA-PAN-0004,10,Panasonic,Lumix GH7,293549,352259,2026-03-01,In Stock,36
5,TE-SAM-0005,6,Samsung,Neo QLED 65,199412,247271,2025-09-23,In Stock,2
6,CA-SON-0006,10,Sony,Alpha A6700,161244,193493,2026-03-06,Discontinued,7
7,CA-NIK-0007,10,Nikon,Z8,53145,62711,2026-07-09,Discontinued,34
8,TA-LEN-0008,3,Lenovo,Tab P12,20678,25641,2026-01-21,Out of Stock,5
9,SM-GOO-0009,1,Google,Pixel 10,83566,101951,2025-08-04,In Stock,20
10,AU-SON-0010,5,Sony,ULT WEAR,8750,10062,2026-02-27,In Stock,7
11,GA-RAZ-0011,9,Razer,DeathAdder V3,42860,53575,2026-05-21,In Stock,33
12,CO-HP-0012,8,HP,Wireless Keyboard 330,5315,6484,2025-12-15,In Stock,4
13,CA-PAN-0013,10,Panasonic,Lumix G9 II,121234,141844,2026-02-11,In Stock,36
14,LA-MSI-0014,2,MSI,Modern 15,39616,44766,2025-12-09,In Stock,22
15,TE-LG-0015,6,LG,QNED86 65,174430,214549,2025-10-10,In Stock,6
16,ST-WES-0016,12,Western Digital,My Passport 2TB,5673,6581,2026-06-18,In Stock,39
17,ST-SEA-0017,12,Seagate,FireCuda 530,10981,13616,2026-02-28,In Stock,40
18,AU-SON-0018,5,Sony,WH-1000XM6,13072,15033,2025-11-06,In Stock,7
19,TE-HIS-0019,6,Hisense,A6N,288760,323411,2026-01-24,In Stock,18
20,CA-NIK-0020,10,Nikon,Z50 II,196956,244225,2026-03-07,Discontinued,34
21,AU-APP-0021,5,Apple,Airpods Pro 2,34744,43430,2025-10-31,Out of Stock,1
22,SM-GAR-0022,4,Garmin,Venu 3,43062,47368,2025-11-12,In Stock,12
23,ST-WES-0023,12,Western Digital,WD Black SN850X,25750,30642,2026-03-01,Out of Stock,39
24,SM-SAM-0024,4,Samsung,Galaxy Watch FE,7067,8763,2025-10-17,Coming Soon,2
25,LA-DEL-0025,2,Dell,Xps 13,25169,29951,2026-01-24,In Stock,3
26,TE-TCL-0026,6,TCL,C855,112836,137660,2026-07-14,Out of Stock,41
27,NE-CIS-0027,11,Cisco,ISR 1100 Router,22307,26768,2026-04-20,Out of Stock,14
28,SM-XIA-0028,1,Xiaomi,Poco F7,57887,65991,2025-09-26,In Stock,11
29,HO-BOS-0029,7,Bosch,Dishwasher SMS6,36017,43581,2026-03-13,In Stock,26
30,GA-NIN-0030,9,Nintendo,Switch 2,31837,37249,2026-02-27,Coming Soon,32
31,TE-TCL-0031,6,TCL,C755,50694,56777,2025-09-21,Out of Stock,41
32,LA-DEL-0032,2,Dell,Xps 13,48408,56153,2026-05-18,In Stock,3
33,AU-SAM-0033,5,Samsung,Galaxy Buds 3 Pro,12249,13474,2025-10-31,In Stock,2
34,TA-XIA-0034,3,Xiaomi,Pad 7,69461,85437,2026-07-03,In Stock,11
35,HO-WHI-0035,7,Whirlpool,3D Cool AC,194793,220116,2025-08-12,In Stock,25
36,CO-COR-0036,8,Corsair,HS80 Headset,24426,27601,2025-09-21,Out of Stock,29
37,HO-IFB-0037,7,IFB,Neptune Dishwasher,205189,231864,2025-12-05,In Stock,27
38,LA-DEL-0038,2,Dell,Latitude 540,125267,156584,2026-06-24,Out of Stock,3
39,HO-IFB-0039,7,IFB,Microwave Oven,25039,31299,2025-11-27,In Stock,27
40,SM-GAR-0040,4,Garmin,Venu 3,14981,17078,2026-03-27,In Stock,12
41,GA-RAZ-0041,9,Razer,DeathAdder V3,76509,87220,2026-06-05,In Stock,33
42,ST-SAN-0042,12,SanDisk,Ultra microSDXC 256GB,6000,7320,2026-01-18,In Stock,17
43,SM-AMA-0043,4,Amazfit,GTR 4,41964,52455,2026-06-19,Out of Stock,13
44,TE-SAM-0044,6,Samsung,Neo QLED 65,271611,323217,2025-11-23,In Stock,2
45,AU-JBL-0045,5,JBL,Live 770NC,1575,1890,2026-05-08,In Stock,23
46,NE-D-L-0046,11,D-Link,DGS-1210 Switch,22703,27244,2026-07-25,Out of Stock,38
47,ST-SAN-0047,12,SanDisk,Extreme Portable SSD,893,1081,2025-12-18,Out of Stock,17
48,SM-SAM-0048,1,Samsung,Galaxy M36,103113,122704,2026-05-31,In Stock,2
49,CO-LOG-0049,8,Logitech,MX Keys S,19226,21341,2026-03-24,In Stock,28
50,TA-LEN-0050,3,Lenovo,Tab M11,50798,60450,2025-10-17,In Stock,5
51,SM-XIA-0051,1,Xiaomi,Poco F7,68871,76447,2025-08-27,In Stock,11
52,TA-SAM-0052,3,Samsung,Galaxy Tab A9+,53236,64948,2025-11-04,In Stock,2
53,TA-SAM-0053,3,Samsung,Galaxy Tab S10 Ultra,50456,55502,2025-10-05,Out of Stock,2
54,AU-SAM-0054,5,Samsung,Galaxy Buds 3 Pro,30478,36269,2025-12-18,Out of Stock,2
55,GA-ASU-0055,9,ASUS,ROG Ally,26479,30451,2026-01-24,In Stock,8
56,ST-KIN-0056,12,Kingston,KC3000 SSD,26354,31625,2026-01-03,Out of Stock,16
57,ST-WES-0057,12,Western Digital,My Passport 2TB,34659,41937,2025-10-12,In Stock,39
58,NE-D-L-0058,11,D-Link,DWR-M921 Router,48718,60410,2026-06-12,Out of Stock,38
59,AU-JBL-0059,5,JBL,Flip 7,885,1089,2025-09-12,In Stock,23
60,SM-AMA-0060,4,Amazfit,Balance,26518,33148,2026-03-01,In Stock,13
61,GA-NIN-0061,9,Nintendo,Nintendo Switch OLED,63506,71762,2026-03-27,In Stock,32
62,NE-D-L-0062,11,D-Link,DWR-M921 Router,18128,20303,2026-03-27,In Stock,38
63,LA-DEL-0063,2,Dell,Inspiron 15,153209,177722,2025-12-02,In Stock,3
64,GA-RAZ-0064,9,Razer,DeathAdder V3,11408,12777,2026-06-16,Out of Stock,33
65,TE-LG-0065,6,LG,UQ75 55,175318,212135,2026-05-18,In Stock,6
66,GA-ASU-0066,9,ASUS,ROG Ally,50849,61019,2026-07-17,In Stock,8
67,NE-NET-0067,11,Netgear,GS308 Switch,39417,47300,2025-12-30,In Stock,37
68,NE-UBI-0068,11,Ubiquiti,EdgeRouter X,48563,57790,2025-12-26,In Stock,15
69,SM-ONE-0069,1,OnePlus,OnePlus 13,41372,51301,2026-03-10,In Stock,19
70,NE-CIS-0070,11,Cisco,Catalyst 9200,29207,33880,2026-08-01,In Stock,14
71,ST-WES-0071,12,Western Digital,My Passport 2TB,20151,25189,2025-10-30,In Stock,39
72,TA-APP-0072,3,Apple,ipad Pro 13,13810,15191,2025-12-27,In Stock,1
73,CO-TP--0073,8,TP-Link,USB Bluetooth Adapter,20105,22518,2026-01-31,In Stock,30
74,NE-NET-0074,11,Netgear,Orbi RBK852,5924,6516,2026-05-01,In Stock,37
75,ST-SEA-0075,12,Seagate,Barracuda 2TB,23192,27830,2025-08-12,In Stock,40
76,HO-SAM-0076,7,Samsung,Side-by-Side Refrigerator,245423,284691,2026-05-30,In Stock,2
77,CO-HP-0077,8,HP,Wireless Keyboard 330,9852,10837,2025-08-03,In Stock,4
78,SM-ONE-0078,1,OnePlus,OnePlus Nord CE 5,91119,102053,2026-02-08,Out of Stock,19
79,SM-SAM-0079,1,Samsung,Galaxy M36,9337,11204,2025-12-04,In Stock,2
80,GA-ASU-0080,9,ASUS,ROG Ally,53958,67448,2025-08-07,In Stock,8
81,TE-HIS-0081,6,Hisense,A6N,242058,288049,2026-05-29,In Stock,18
82,CO-DEL-0082,8,Dell,WD19 Dock,15045,17452,2025-10-03,In Stock,3
83,CA-PAN-0083,10,Panasonic,Lumix S5 II,316562,348218,2026-05-30,In Stock,36
84,LA-ACE-0084,2,Acer,Nitro v,102045,114290,2025-10-06,Coming Soon,9
85,TA-SAM-0085,3,Samsung,Galaxy Tab S10+,19658,24179,2025-09-15,In Stock,2
86,NE-D-L-0086,11,D-Link,DWR-M921 Router,38418,43412,2026-03-05,In Stock,38
87,NE-NET-0087,11,Netgear,Nighthawk AX12,3650,4307,2025-10-27,In Stock,37
88,ST-SAM-0088,12,Samsung,980 SSD,22664,25157,2026-02-09,In Stock,2
89,ST-WES-0089,12,Western Digital,WD Blue SN580,23603,27852,2025-08-22,Coming Soon,39
90,ST-KIN-0090,12,Kingston,KC3000 SSD,31751,39054,2026-07-13,In Stock,16
91,NE-UBI-0091,11,Ubiquiti,UniFi Dream Machine,9434,11132,2026-03-31,Out of Stock,15
92,CO-HP-0092,8,HP,Wireless Mouse X200,18884,21339,2025-10-11,Out of Stock,4
93,CO-LOG-0093,8,Logitech,MX Master 3S,21633,24445,2026-06-04,In Stock,28
94,CA-CAN-0094,10,Canon,EOS R6 Mark II,293026,322329,2026-05-01,Coming Soon,10
95,NE-CIS-0095,11,Cisco,ISR 1100 Router,3488,4151,2026-06-26,In Stock,14
96,HO-IFB-0096,7,IFB,Neptune Dishwasher,183759,213160,2026-03-18,In Stock,27
97,HO-WHI-0097,7,Whirlpool,3D Cool AC,235106,286829,2026-05-15,In Stock,25
98,SM-NOT-0098,1,Nothing,Phone 3,24494,28903,2025-11-03,In Stock,21
99,TE-LG-0099,6,LG,UQ75 55,92232,113445,2026-01-17,In Stock,6
100,CA-PAN-0100,10,Panasonic,Lumix G9 II,334526,404776,2026-01-14,In Stock,36
101,AU-APP-0101,5,Apple,Airpods 4,29541,33972,2025-10-05,In Stock,1
102,SM-GOO-0102,1,Google,Pixel 10,35888,41989,2026-06-01,In Stock,20
103,CA-FUJ-0103,10,Fujifilm,X-T5,237417,273030,2025-11-12,Out of Stock,35
104,TE-TCL-0104,6,TCL,P755,83070,98023,2025-08-22,In Stock,41
105,TA-LEN-0105,3,Lenovo,Tab P12,79522,89860,2025-10-25,In Stock,5
106,SM-APP-0106,4,Apple,Apple Watch Ultra 2,14032,15576,2025-09-14,In Stock,1
107,NE-CIS-0107,11,Cisco,Catalyst 9200,18407,22457,2026-05-22,In Stock,14
108,TE-TCL-0108,6,TCL,P755,278492,323051,2025-11-22,Out of Stock,41
109,TA-APP-0109,3,Apple,ipad Mini,52594,63639,2026-04-13,In Stock,1
110,ST-SEA-0110,12,Seagate,Expansion Portable 2TB,1394,1617,2025-09-13,In Stock,40
111,GA-ASU-0111,9,ASUS,ROG Ally X,35694,39263,2026-04-27,In Stock,8
112,GA-SON-0112,9,Sony,PlayStation 5 Slim,39988,45186,2026-03-26,In Stock,7
113,GA-RAZ-0113,9,Razer,BlackWidow V4,21560,25441,2025-12-19,In Stock,33
114,CA-CAN-0114,10,Canon,EOS R6 Mark II,187478,208101,2026-01-26,In Stock,10
115,ST-WES-0115,12,Western Digital,My Passport 2TB,15544,17409,2025-08-02,In Stock,39
116,NE-D-L-0116,11,D-Link,DIR-X5460,42743,48300,2025-12-12,Out of Stock,38
117,CO-DEL-0117,8,Dell,WD19 Dock,8580,10382,2025-12-12,Discontinued,3
118,TA-XIA-0118,3,Xiaomi,Pad 7 Pro,72900,85293,2026-04-08,Discontinued,11
119,GA-ASU-0119,9,ASUS,ROG Chakram Mouse,37126,44551,2026-07-31,In Stock,8
120,HO-BOS-0120,7,Bosch,Dishwasher SMS6,11464,13986,2025-10-21,In Stock,26
121,CO-LOG-0121,8,Logitech,MX Keys S,9199,11131,2026-01-24,In Stock,28
122,NE-NET-0122,11,Netgear,Nighthawk AX12,32774,39329,2025-08-03,Discontinued,37
123,TA-APP-0123,3,Apple,ipad Air M3,88294,108602,2025-11-30,In Stock,1
124,HO-BOS-0124,7,Bosch,Dishwasher SMS6,118205,137118,2026-05-24,In Stock,26
125,CA-SON-0125,10,Sony,ZV-E10 II,135421,159797,2025-10-20,Out of Stock,7
126,LA-HP-0126,2,HP,Victus 15,177839,211628,2026-05-21,In Stock,4
127,HO-LG-0127,7,LG,Double Door Refrigerator,236319,274130,2025-10-23,Out of Stock,6
128,TA-SAM-0128,3,Samsung,Galaxy Tab S10 Ultra,58639,73299,2025-10-30,In Stock,2
129,HO-WHI-0129,7,Whirlpool,IntelliFresh Refrigerator,16577,18898,2026-03-14,In Stock,25
130,HO-WHI-0130,7,Whirlpool,IntelliFresh Refrigerator,184026,206109,2026-07-11,In Stock,25
131,LA-ACE-0131,2,Acer,Aspire 7,94569,104972,2026-07-30,In Stock,9
132,LA-ACE-0132,2,Acer,Nitro v,107738,124976,2025-12-06,Out of Stock,9
133,NE-CIS-0133,11,Cisco,ISR 1100 Router,28883,32638,2025-09-09,In Stock,14
134,TA-LEN-0134,3,Lenovo,Tab P12,86657,106588,2026-01-18,In Stock,5
135,SM-SAM-0135,4,Samsung,Galaxy Watch Ultra,35083,43503,2026-03-27,In Stock,2
136,SM-SAM-0136,4,Samsung,Galaxy Watch 7,21701,24739,2025-09-22,Out of Stock,2
137,HO-BOS-0137,7,Bosch,Dishwasher SMS6,185911,228671,2025-10-15,In Stock,26
138,SM-SAM-0138,4,Samsung,Galaxy Watch 7,6893,8616,2026-03-04,In Stock,2
139,TA-SAM-0139,3,Samsung,Galaxy Tab S10+,50758,57357,2026-07-17,In Stock,2
140,SM-GOO-0140,1,Google,pixel 10 pro,101059,122281,2025-11-23,Out of Stock,20
141,NE-D-L-0141,11,D-Link,DGS-1210 Switch,46979,52616,2026-07-01,In Stock,38
142,NE-UBI-0142,11,Ubiquiti,UniFi Dream Machine,20096,22708,2026-01-10,In Stock,15
143,NE-NET-0143,11,Netgear,GS308 Switch,41632,46212,2026-02-18,In Stock,37
144,CA-PAN-0144,10,Panasonic,Lumix GH7,149143,165549,2026-01-01,Out of Stock,36
145,TE-SON-0145,6,Sony,Bravia 3,291623,341199,2025-12-11,Coming Soon,7
146,CA-NIK-0146,10,Nikon,Z8,76559,91871,2025-10-27,In Stock,34
147,NE-UBI-0147,11,Ubiquiti,UniFi AP U7 Pro,31185,36486,2026-03-08,Out of Stock,15
148,LA-HP-0148,2,HP,Pavilion 14,61328,67461,2025-10-21,Out of Stock,4
149,GA-RAZ-0149,9,Razer,Kraken V4 Headset,70397,83772,2026-04-12,In Stock,33
150,HO-LG-0150,7,LG,Double Door Refrigerator,167666,201199,2025-11-20,Coming Soon,6
151,ST-WES-0151,12,Western Digital,My Passport 2TB,25516,29854,2026-02-10,In Stock,39
152,LA-MSI-0152,2,MSI,Modern 15,52457,63473,2026-07-26,In Stock,22
153,LA-ACE-0153,2,Acer,Nitro v,68920,86150,2026-03-26,In Stock,9
154,NE-D-L-0154,11,D-Link,DWR-M921 Router,15442,19148,2026-08-02,In Stock,38
155,ST-KIN-0155,12,Kingston,KC3000 SSD,29690,35628,2025-12-23,Coming Soon,16
156,AU-SAM-0156,5,Samsung,Galaxy Buds 3 Pro,33355,38358,2026-05-17,In Stock,2
157,HO-WHI-0157,7,Whirlpool,IntelliFresh Refrigerator,202423,244932,2025-12-16,In Stock,25
158,LA-ACE-0158,2,Acer,Swift Go,93225,115599,2025-08-17,In Stock,9
159,SM-XIA-0159,1,Xiaomi,Xiaomi 15,54493,62122,2026-01-12,Out of Stock,11
160,ST-SEA-0160,12,Seagate,Expansion Portable 2TB,32906,38171,2026-06-08,Out of Stock,40
161,SM-ONE-0161,1,OnePlus,OnePlus 13,109114,128755,2025-11-27,Out of Stock,19
162,TA-APP-0162,3,Apple,ipad Mini,39687,44846,2025-10-04,In Stock,1
163,TE-SAM-0163,6,Samsung,Neo QLED 65,178277,212150,2026-01-04,In Stock,2
164,NE-UBI-0164,11,Ubiquiti,EdgeRouter X,36103,42602,2026-05-19,Discontinued,15
165,SM-SAM-0165,4,Samsung,Galaxy Watch FE,40588,45864,2026-01-19,In Stock,2
166,CA-SON-0166,10,Sony,Alpha A7 IV,318761,395264,2026-01-30,In Stock,7
167,ST-WES-0167,12,Western Digital,WD Black SN850X,24545,27981,2026-02-12,In Stock,39
168,ST-SEA-0168,12,Seagate,Expansion Portable 2TB,19662,22021,2026-05-31,In Stock,40
169,NE-D-L-0169,11,D-Link,DWR-M921 Router,19455,24319,2025-08-05,In Stock,38
170,TE-HIS-0170,6,Hisense,A6N,118236,133607,2026-04-20,In Stock,18
171,TE-LG-0171,6,LG,QNED86 65,283173,317154,2025-08-26,In Stock,6
172,ST-WES-0172,12,Western Digital,My Passport 2TB,21926,25215,2025-12-22,In Stock,39
173,HO-WHI-0173,7,Whirlpool,3D Cool AC,42076,48387,2026-06-23,In Stock,25
174,SM-XIA-0174,1,Xiaomi,Redmi Note 15 Pro,22616,25330,2026-07-21,In Stock,11
175,SM-XIA-0175,1,Xiaomi,Xiaomi 15,28676,34411,2025-10-22,In Stock,11
176,TE-LG-0176,6,LG,UQ75 55,233562,287281,2026-07-01,Out of Stock,6
177,HO-SAM-0177,7,Samsung,WindFree AC,149780,178238,2026-01-19,In Stock,2
178,HO-WHI-0178,7,Whirlpool,Magic Clean Washing Machine,64953,74696,2025-12-17,In Stock,25
179,CA-SON-0179,10,Sony,Alpha A7 IV,183763,209490,2025-12-16,In Stock,7
180,CA-PAN-0180,10,Panasonic,Lumix S5 II,112369,135966,2026-05-23,In Stock,36
181,LA-DEL-0181,2,Dell,Latitude 540,152046,183976,2026-02-04,Out of Stock,3
182,CO-TP--0182,8,TP-Link,UH720 USB Hub,10845,12580,2026-04-03,In Stock,30
183,SM-GAR-0183,4,Garmin,Fenix 8,33412,38758,2026-01-19,In Stock,12
184,AU-SON-0184,5,Sony,WH-1000XM6,6604,7396,2025-10-27,Out of Stock,7
185,ST-KIN-0185,12,Kingston,DataTraveler Max,13828,16870,2026-05-17,Discontinued,16
186,SM-APP-0186,1,Apple,iphone 17 Plus,42457,50524,2026-01-09,In Stock,1
187,GA-ASU-0187,9,ASUS,ROG Ally X,61437,73110,2026-02-23,Out of Stock,8
188,AU-SON-0188,5,Sony,WH-1000XM6,1136,1420,2025-08-18,In Stock,7
189,TA-SAM-0189,3,Samsung,Galaxy Tab S10+,57782,64716,2025-09-25,Discontinued,2
190,CO-COR-0190,8,Corsair,M75 Wireless Mouse,1151,1381,2026-01-07,In Stock,29
191,CA-CAN-0191,10,Canon,EOS R8,266953,293648,2026-04-11,In Stock,10
192,CA-PAN-0192,10,Panasonic,Lumix GH7,134808,163118,2026-03-06,Coming Soon,36
193,HO-IFB-0193,7,IFB,Senorita Washing Machine,59065,70878,2025-08-26,In Stock,27
194,GA-NIN-0194,9,Nintendo,Nintendo Switch OLED,52351,62821,2026-07-30,In Stock,32
195,AU-APP-0195,5,Apple,Airpods Pro 2,15775,18930,2025-09-18,In Stock,1
196,SM-GAR-0196,4,Garmin,Forerunner 265,18677,22599,2025-11-08,In Stock,12
197,TA-SAM-0197,3,Samsung,Galaxy Tab S10+,69512,77853,2026-06-22,In Stock,2
198,NE-CIS-0198,11,Cisco,Catalyst 9200,38978,44045,2026-07-05,In Stock,14
199,LA-HP-0199,2,HP,Victus 15,77562,89196,2026-07-18,In Stock,4
200,SM-XIA-0200,1,Xiaomi,Redmi Note 15 Pro,101644,126039,2026-02-16,Out of Stock,11
201,NE-D-L-0201,11,D-Link,DGS-1210 Switch,31988,36146,2025-09-05,In Stock,38
202,CO-LOG-0202,8,Logitech,Brio 4K Webcam,8399,10163,2025-09-26,Discontinued,28
203,HO-BOS-0203,7,Bosch,Double Door Refrigerator,44680,54510,2025-11-03,Coming Soon,26
204,LA-ACE-0204,2,Acer,Swift Go,100743,125929,2025-10-19,In Stock,9
205,LA-MSI-0205,2,MSI,Modern 15,154429,193036,2026-05-07,In Stock,22
206,TA-LEN-0206,3,Lenovo,Tab M11,40171,49009,2025-11-20,In Stock,5
207,CA-CAN-0207,10,Canon,EOS R6 Mark II,83636,103709,2025-12-17,In Stock,10
208,ST-KIN-0208,12,Kingston,KC3000 SSD,12063,14837,2025-11-17,Out of Stock,16
209,ST-KIN-0209,12,Kingston,DataTraveler Max,24052,28862,2026-04-05,In Stock,16
210,SM-SAM-0210,1,Samsung,Galaxy M36,21402,25896,2026-02-19,In Stock,2
211,HO-BOS-0211,7,Bosch,Dishwasher SMS6,77484,92206,2025-10-11,In Stock,26
212,GA-ASU-0212,9,ASUS,ROG Ally X,11532,13723,2026-07-19,In Stock,8
213,LA-HP-0213,2,HP,Pavilion 14,134058,155507,2026-06-19,In Stock,4
214,LA-MSI-0214,2,MSI,Stealth 16,126753,141963,2026-07-13,Out of Stock,22
215,SM-APP-0215,4,Apple,Apple Watch SE,10407,12801,2025-08-12,Out of Stock,1
216,SM-APP-0216,4,Apple,Apple Watch Ultra 2,12329,14178,2025-12-22,In Stock,1
217,HO-WHI-0217,7,Whirlpool,3D Cool AC,58712,69280,2026-03-15,In Stock,25
218,CA-NIK-0218,10,Nikon,Z8,27045,32184,2026-01-04,Out of Stock,34
219,HO-WHI-0219,7,Whirlpool,IntelliFresh Refrigerator,55447,67645,2025-11-16,In Stock,25
220,LA-HP-0220,2,HP,Spectre x360,97547,115105,2026-02-06,Out of Stock,4
221,SM-APP-0221,4,Apple,Apple Watch Ultra 2,21442,24229,2026-05-25,In Stock,1
222,LA-DEL-0222,2,Dell,Xps 13,67007,75718,2026-04-18,In Stock,3
223,SM-XIA-0223,1,Xiaomi,Poco F7,116882,142596,2026-06-05,In Stock,11
224,GA-RAZ-0224,9,Razer,Kraken V4 Headset,70121,85548,2025-11-14,In Stock,33
225,GA-RAZ-0225,9,Razer,DeathAdder V3,10951,13141,2025-11-28,Out of Stock,33
226,AU-APP-0226,5,Apple,Airpods Pro 2,27360,33926,2026-03-20,In Stock,1
227,SM-GAR-0227,4,Garmin,Venu 3,43632,48868,2026-02-27,In Stock,12
228,CO-LOG-0228,8,Logitech,MX Master 3S,16594,19747,2025-11-27,Coming Soon,28
229,SM-APP-0229,1,Apple,iphone 17 Plus,72423,89805,2025-08-26,In Stock,1
230,SM-AMA-0230,4,Amazfit,GTR 4,31796,35294,2026-06-06,In Stock,13
231,SM-GOO-0231,1,Google,Pixel 10,30646,35856,2026-04-13,In Stock,20
232,GA-NIN-0232,9,Nintendo,Nintendo Switch OLED,61023,70176,2025-11-05,In Stock,32
233,SM-SAM-0233,4,Samsung,Galaxy Watch Ultra,20653,22718,2025-11-27,In Stock,2
234,HO-LG-0234,7,LG,Double Door Refrigerator,177742,207958,2026-01-29,In Stock,6
235,SM-APP-0235,4,Apple,Apple Watch Series 10,4834,5946,2026-02-27,Out of Stock,1
236,ST-SAN-0236,12,SanDisk,Ultra Dual Drive Luxe,29813,36968,2026-05-17,In Stock,17
237,HO-IFB-0237,7,IFB,Neptune Dishwasher,202353,224612,2025-09-18,Out of Stock,27
238,CO-HP-0238,8,HP,Wireless Mouse X200,24452,29342,2026-04-06,In Stock,4
239,LA-ASU-0239,2,ASUS,Rog Strix G16,40355,46005,2025-08-09,In Stock,8
240,HO-SAM-0240,7,Samsung,WindFree AC,7066,8762,2025-12-29,In Stock,2
241,SM-ONE-0241,1,OnePlus,OnePlus Nord CE 5,91364,107810,2026-03-29,In Stock,19
242,LA-HP-0242,2,HP,Pavilion 14,128811,157149,2025-09-12,In Stock,4
243,AU-APP-0243,5,Apple,Airpods Pro 2,28329,31445,2026-02-26,In Stock,1
244,NE-D-L-0244,11,D-Link,DGS-1210 Switch,6354,7752,2026-06-02,In Stock,38
245,AU-JBL-0245,5,JBL,Tune 770NC,8442,10299,2025-09-19,In Stock,23
246,TE-HIS-0246,6,Hisense,U7N,147369,179790,2026-05-08,In Stock,18
247,SM-ONE-0247,1,OnePlus,OnePlus Nord 5,26442,29879,2025-11-08,Out of Stock,19
248,HO-WHI-0248,7,Whirlpool,3D Cool AC,150000,180000,2025-08-17,In Stock,25
249,CO-LOG-0249,8,Logitech,Brio 4K Webcam,24503,29159,2026-03-19,Out of Stock,28
250,TE-HIS-0250,6,Hisense,A6N,58643,70958,2025-12-25,Discontinued,18
251,CA-SON-0251,10,Sony,ZV-E10 II,59342,72397,2026-08-02,In Stock,7
252,CA-PAN-0252,10,Panasonic,Lumix G9 II,30319,34867,2026-06-12,Out of Stock,36
253,TE-SAM-0253,6,Samsung,Crystal UHD 55,296805,350230,2026-01-27,In Stock,2
254,CA-PAN-0254,10,Panasonic,Lumix G9 II,265570,321340,2026-05-28,In Stock,36
255,TE-TCL-0255,6,TCL,C755,132627,145890,2026-06-10,Coming Soon,41
256,HO-WHI-0256,7,Whirlpool,IntelliFresh Refrigerator,102890,122439,2025-09-23,Out of Stock,25
257,ST-SEA-0257,12,Seagate,FireCuda 530,24630,27832,2026-05-31,In Stock,40
258,GA-MIC-0258,9,Microsoft,Xbox Series S,53938,59332,2026-03-16,Out of Stock,31
259,TA-SAM-0259,3,Samsung,Galaxy Tab A9+,35163,38679,2025-10-16,In Stock,2
260,TA-APP-0260,3,Apple,ipad Pro 13,25010,30762,2025-12-05,Out of Stock,1
261,AU-APP-0261,5,Apple,HomePod Mini,21077,24871,2026-03-24,In Stock,1
262,LA-ACE-0262,2,Acer,Swift Go,92083,109579,2025-12-11,In Stock,9
263,TA-XIA-0263,3,Xiaomi,Pad 7,12785,15086,2026-05-03,In Stock,11
264,HO-LG-0264,7,LG,Front Load Washing Machine,249154,311442,2025-08-28,In Stock,6
265,TA-APP-0265,3,Apple,ipad Pro 13,11391,13441,2026-03-07,Coming Soon,1
266,TA-XIA-0266,3,Xiaomi,Pad 7 Pro,57652,65723,2025-11-01,In Stock,11
267,LA-MSI-0267,2,MSI,Katana 15,174922,211656,2025-11-08,In Stock,22
268,TE-SAM-0268,6,Samsung,Neo QLED 65,30760,35066,2026-03-24,Coming Soon,2
269,TE-SON-0269,6,Sony,Bravia 7,47917,54625,2026-06-10,In Stock,7
270,TA-LEN-0270,3,Lenovo,Tab P12,42222,51933,2026-02-12,In Stock,5
271,AU-SAM-0271,5,Samsung,Galaxy Buds FE,28152,34627,2026-01-10,Out of Stock,2
272,CO-LOG-0272,8,Logitech,MX Keys S,10813,12543,2025-12-15,Discontinued,28
273,GA-SON-0273,9,Sony,PlayStation 5 Slim,50106,59626,2025-08-05,Discontinued,7
274,TE-LG-0274,6,LG,QNED86 65,251401,294139,2025-12-08,Out of Stock,6
275,SM-NOT-0275,1,Nothing,Phone 3,113822,126342,2026-06-18,Coming Soon,21
276,HO-SAM-0276,7,Samsung,Top Load Washing Machine,119923,147505,2026-01-06,Out of Stock,2
277,SM-SAM-0277,4,Samsung,Galaxy Watch 7,7470,8815,2025-12-03,In Stock,2
278,HO-IFB-0278,7,IFB,Microwave Oven,81469,98577,2026-03-29,Out of Stock,27
279,NE-TP--0279,11,TP-Link,Deco X55,35324,40623,2026-05-11,Out of Stock,30
280,GA-NIN-0280,9,Nintendo,Nintendo Switch OLED,78301,89263,2025-09-23,In Stock,32
281,GA-MIC-0281,9,Microsoft,Xbox Wireless Controller,68875,81961,2025-12-29,In Stock,31
282,TE-LG-0282,6,LG,OLED C5,45077,51839,2026-03-21,In Stock,6
283,ST-WES-0283,12,Western Digital,WD Black SN850X,11535,12919,2026-03-20,In Stock,39
284,NE-D-L-0284,11,D-Link,DGS-1210 Switch,27530,32485,2025-10-02,Out of Stock,38
285,LA-HP-0285,2,HP,Victus 15,142384,177980,2026-03-20,In Stock,4
286,AU-SAM-0286,5,Samsung,Galaxy Buds 3 Pro,12170,15091,2026-07-16,Out of Stock,2
287,CO-DEL-0287,8,Dell,WD19 Dock,21972,26806,2026-02-10,Coming Soon,3
288,ST-SAN-0288,12,SanDisk,Ultra microSDXC 256GB,22339,27700,2025-08-12,In Stock,17
289,SM-APP-0289,1,Apple,iphone 17 Pro,34556,39739,2025-12-21,Discontinued,1
290,HO-BOS-0290,7,Bosch,Double Door Refrigerator,93827,109778,2025-11-23,Out of Stock,26
291,NE-TP--0291,11,TP-Link,TL-SG108 Switch,19270,23895,2025-09-14,Out of Stock,30
292,NE-UBI-0292,11,Ubiquiti,UniFi AP U7 Pro,19020,22824,2025-08-18,In Stock,15
293,LA-ASU-0293,2,ASUS,Rog Strix G16,175900,200526,2026-01-03,In Stock,8
294,AU-SAM-0294,5,Samsung,Galaxy Buds FE,6064,6670,2026-01-04,Coming Soon,2
295,LA-ACE-0295,2,Acer,Aspire 7,153967,180141,2025-08-15,In Stock,9
296,TA-XIA-0296,3,Xiaomi,Pad 7 Pro,47054,56465,2026-06-04,In Stock,11
297,HO-BOS-0297,7,Bosch,Double Door Refrigerator,157146,185432,2025-12-21,Out of Stock,26
298,CO-DEL-0298,8,Dell,MS3320W Mouse,15872,18888,2026-04-21,Coming Soon,3
299,AU-BOA-0299,5,Boat,Rockerz 450,1139,1298,2025-11-06,Out of Stock,24
300,TE-SAM-0300,6,Samsung,OLED S95D,209445,242956,2025-09-28,Out of Stock,2
301,ST-SAM-0301,12,Samsung,T9 Portable SSD,9580,10634,2026-03-17,In Stock,2
302,TE-LG-0302,6,LG,QNED86 65,185723,215439,2025-08-14,In Stock,6
303,CA-SON-0303,10,Sony,Alpha A7 IV,77891,94248,2026-07-15,In Stock,7
304,SM-GAR-0304,4,Garmin,Fenix 8,44377,54584,2026-04-03,In Stock,12
305,CA-SON-0305,10,Sony,Alpha A7 IV,209071,244613,2026-07-01,In Stock,7
306,TA-SAM-0306,3,Samsung,Galaxy Tab A9+,85277,98921,2026-06-12,In Stock,2
307,TE-TCL-0307,6,TCL,P755,181922,227402,2025-12-19,In Stock,41
308,TE-TCL-0308,6,TCL,C855,32188,37660,2026-07-19,In Stock,41
309,SM-GOO-0309,1,Google,Pixel 10,60481,68948,2025-10-31,Out of Stock,20
310,SM-APP-0310,1,Apple,iphone 17 Pro,106575,122561,2025-11-27,In Stock,1
311,ST-KIN-0311,12,Kingston,NV3 SSD,22934,26603,2025-08-15,In Stock,16
312,CA-NIK-0312,10,Nikon,Z6 III,276529,304182,2026-02-15,In Stock,34
313,CA-NIK-0313,10,Nikon,Z8,337634,405161,2026-03-11,Out of Stock,34
314,GA-NIN-0314,9,Nintendo,Nintendo Switch Lite,70685,83408,2026-05-29,Out of Stock,32
315,SM-SAM-0315,4,Samsung,Galaxy Watch Ultra,38633,45973,2026-07-30,In Stock,2
316,HO-IFB-0316,7,IFB,Senorita Washing Machine,247041,301390,2026-02-23,In Stock,27
317,HO-LG-0317,7,LG,Front Load Washing Machine,79818,92589,2025-11-29,In Stock,6
318,TE-SON-0318,6,Sony,Bravia 9,14380,16393,2026-02-03,In Stock,7
319,SM-GOO-0319,1,Google,pixel 10 pro,47137,52322,2025-12-04,In Stock,20
320,CA-CAN-0320,10,Canon,EOS R8,144458,179128,2026-04-25,In Stock,10
321,HO-LG-0321,7,LG,Front Load Washing Machine,210642,261196,2026-06-12,Coming Soon,6
322,GA-RAZ-0322,9,Razer,DeathAdder V3,66541,80515,2026-01-21,In Stock,33
323,AU-JBL-0323,5,JBL,Live 770NC,6962,8702,2026-06-19,In Stock,23
324,SM-GAR-0324,4,Garmin,Forerunner 265,13422,16241,2025-12-20,Discontinued,12
325,ST-KIN-0325,12,Kingston,KC3000 SSD,18481,21808,2025-10-15,In Stock,16
326,SM-AMA-0326,4,Amazfit,GTR 4,22777,28471,2026-04-10,In Stock,13
327,ST-SAN-0327,12,SanDisk,Extreme Portable SSD,31295,35676,2026-06-15,In Stock,17
328,CO-LOG-0328,8,Logitech,MX Master 3S,14698,17638,2026-01-15,Out of Stock,28
329,LA-ACE-0329,2,Acer,Aspire 7,119505,143406,2026-07-10,In Stock,9
330,CO-TP--0330,8,TP-Link,UH720 USB Hub,12213,15266,2026-03-26,Out of Stock,30
331,HO-SAM-0331,7,Samsung,Side-by-Side Refrigerator,196137,237326,2025-11-14,In Stock,2
332,TA-APP-0332,3,Apple,ipad Pro 13,29298,33400,2026-07-09,Out of Stock,1
333,GA-MIC-0333,9,Microsoft,Xbox Series X,24897,29378,2026-02-20,In Stock,31
334,HO-WHI-0334,7,Whirlpool,IntelliFresh Refrigerator,152613,180083,2025-09-05,In Stock,25
335,TA-LEN-0335,3,Lenovo,Legion Y700,83173,99808,2026-03-22,In Stock,5
336,ST-KIN-0336,12,Kingston,KC3000 SSD,9117,11305,2025-09-18,Out of Stock,16
337,TE-SON-0337,6,Sony,Bravia 9,160375,192450,2026-03-22,In Stock,7
338,AU-BOA-0338,5,Boat,Airpods 141,18130,20306,2025-10-20,Out of Stock,24
339,HO-IFB-0339,7,IFB,Senorita Washing Machine,229225,261317,2026-03-11,In Stock,27
340,CO-TP--0340,8,TP-Link,USB Bluetooth Adapter,14608,16361,2025-10-28,In Stock,30
341,AU-BOA-0341,5,Boat,Stone 350,19325,22997,2026-06-01,Out of Stock,24
342,TA-APP-0342,3,Apple,ipad Pro 13,71909,79100,2025-09-07,In Stock,1
343,NE-D-L-0343,11,D-Link,DIR-X5460,38991,46009,2026-01-03,In Stock,38
344,ST-WES-0344,12,Western Digital,WD Blue SN580,20497,24801,2025-11-30,In Stock,39
345,TA-SAM-0345,3,Samsung,Galaxy Tab S10+,17964,21916,2026-01-26,Out of Stock,2
346,SM-SAM-0346,4,Samsung,Galaxy Watch Ultra,34419,37861,2025-12-12,In Stock,2
347,SM-APP-0347,4,Apple,Apple Watch Series 10,5773,7216,2026-05-29,Out of Stock,1
348,CA-SON-0348,10,Sony,Alpha A7 IV,199587,233517,2025-09-03,In Stock,7
349,HO-LG-0349,7,LG,Front Load Washing Machine,160513,195826,2026-04-02,In Stock,6
350,AU-SON-0350,5,Sony,WH-1000XM6,34292,39779,2026-07-10,In Stock,7
351,AU-SON-0351,5,Sony,ULT WEAR,2555,3015,2025-11-02,In Stock,7
352,TA-LEN-0352,3,Lenovo,Legion Y700,82312,102067,2026-07-01,In Stock,5
353,ST-SEA-0353,12,Seagate,FireCuda 530,33636,37336,2026-01-09,In Stock,40
354,CO-LOG-0354,8,Logitech,Brio 4K Webcam,23571,27814,2026-02-05,In Stock,28
355,TE-SON-0355,6,Sony,Bravia 3,25550,31682,2026-02-06,In Stock,7
356,AU-SAM-0356,5,Samsung,Galaxy Buds 3 Pro,12556,15318,2025-12-25,In Stock,2
357,SM-ONE-0357,1,OnePlus,OnePlus 13,8824,10677,2026-03-01,In Stock,19
358,HO-LG-0358,7,LG,Front Load Washing Machine,103074,126781,2025-12-06,In Stock,6
359,TE-TCL-0359,6,TCL,C855,269975,307772,2026-03-08,Out of Stock,41
360,ST-WES-0360,12,Western Digital,WD Blue SN580,31893,37315,2025-11-09,In Stock,39
361,SM-XIA-0361,1,Xiaomi,Xiaomi 15,13945,15479,2025-08-31,Out of Stock,11
362,CA-SON-0362,10,Sony,Alpha A7 IV,294157,350047,2026-04-17,Out of Stock,7
363,CA-FUJ-0363,10,Fujifilm,X-T5,70142,84872,2026-05-08,Out of Stock,35
364,AU-SAM-0364,5,Samsung,Galaxy Buds 3,21346,24548,2025-08-04,Coming Soon,2
365,TE-SON-0365,6,Sony,Bravia 7,221353,265624,2026-03-18,Out of Stock,7
366,GA-SON-0366,9,Sony,PlayStation Portal,27988,33586,2025-12-18,In Stock,7
367,LA-MSI-0367,2,MSI,Modern 15,76139,91367,2025-12-19,In Stock,22
368,SM-ONE-0368,1,OnePlus,OnePlus Nord 5,93459,114955,2026-07-01,In Stock,19
369,NE-UBI-0369,11,Ubiquiti,EdgeRouter X,12868,15699,2025-10-20,In Stock,15
370,SM-ONE-0370,1,OnePlus,OnePlus Nord CE 5,99875,110861,2026-06-11,Out of Stock,19
371,NE-UBI-0371,11,Ubiquiti,UniFi Dream Machine,38314,47126,2026-02-26,In Stock,15
372,SM-GOO-0372,1,Google,pixel 10 pro,44653,49118,2026-05-29,In Stock,20
373,SM-AMA-0373,4,Amazfit,Balance,30728,37181,2026-05-12,In Stock,13
374,TE-SON-0374,6,Sony,Bravia 3,62617,73888,2026-02-01,Discontinued,7
375,NE-UBI-0375,11,Ubiquiti,UniFi Dream Machine,3559,3915,2026-01-12,In Stock,15
376,CA-FUJ-0376,10,Fujifilm,X-T5,191926,216876,2026-02-04,In Stock,35
377,SM-SAM-0377,1,Samsung,Galaxy S25,107003,120913,2026-01-22,In Stock,2
378,NE-CIS-0378,11,Cisco,Business 350 Switch,28397,34360,2026-07-21,In Stock,14
379,LA-ACE-0379,2,Acer,Swift Go,33726,37099,2026-01-15,Coming Soon,9
380,NE-TP--0380,11,TP-Link,TL-SG108 Switch,10974,12730,2025-12-19,Out of Stock,30
381,CA-NIK-0381,10,Nikon,Z6 III,203223,225578,2025-08-16,Discontinued,34
382,CO-COR-0382,8,Corsair,M75 Wireless Mouse,15970,17886,2025-08-20,Out of Stock,29
383,TE-LG-0383,6,LG,UQ75 55,260103,291315,2026-07-25,In Stock,6
384,ST-SAM-0384,12,Samsung,990 Pro SSD,30431,35909,2025-12-22,Discontinued,2
385,CO-COR-0385,8,Corsair,K70 RGB Keyboard,9003,10894,2025-08-29,Out of Stock,29
386,TE-LG-0386,6,LG,UQ75 55,178675,196543,2025-12-12,Out of Stock,6
387,HO-BOS-0387,7,Bosch,Double Door Refrigerator,148063,182117,2026-07-06,In Stock,26
388,GA-MIC-0388,9,Microsoft,Xbox Series S,51766,64708,2026-02-16,In Stock,31
389,TA-XIA-0389,3,Xiaomi,Pad 7 Pro,46442,53873,2025-10-18,Out of Stock,11
390,SM-AMA-0390,4,Amazfit,Balance,35025,40979,2025-12-14,In Stock,13
391,SM-APP-0391,1,Apple,iphone 17,68153,85191,2026-08-02,In Stock,1
392,CO-LOG-0392,8,Logitech,MX Keys S,11444,12703,2026-02-02,Discontinued,28
393,TA-LEN-0393,3,Lenovo,Legion Y700,50090,58104,2026-04-23,In Stock,5
394,HO-WHI-0394,7,Whirlpool,3D Cool AC,78598,87244,2026-07-29,In Stock,25
395,GA-ASU-0395,9,ASUS,ROG Ally X,39889,45075,2025-09-16,In Stock,8
396,TA-APP-0396,3,Apple,ipad Mini,47297,56756,2026-02-06,In Stock,1
397,CO-LOG-0397,8,Logitech,Brio 4K Webcam,17907,21309,2026-01-30,Out of Stock,28
398,TA-SAM-0398,3,Samsung,Galaxy Tab S10+,11765,13647,2025-09-28,In Stock,2
399,TE-SAM-0399,6,Samsung,Crystal UHD 55,89776,112220,2025-09-05,In Stock,2
400,GA-NIN-0400,9,Nintendo,Switch 2,25224,30521,2026-03-21,Coming Soon,32
401,SM-SAM-0401,1,Samsung,Galaxy A56,32793,36072,2026-08-01,Out of Stock,2
402,NE-TP--0402,11,TP-Link,Archer AX73,40609,47106,2025-08-06,Out of Stock,30
403,CA-NIK-0403,10,Nikon,Z50 II,253806,302029,2026-04-17,In Stock,34
404,SM-GOO-0404,1,Google,pixel 10 pro,88000,98560,2025-08-08,In Stock,20
405,CA-SON-0405,10,Sony,ZV-E10 II,336694,373730,2026-07-15,Coming Soon,7
406,NE-CIS-0406,11,Cisco,Catalyst 9200,20663,23762,2026-05-13,In Stock,14
407,SM-APP-0407,1,Apple,iphone 17 Pro max ,60548,70841,2026-06-25,In Stock,1
408,LA-DEL-0408,2,Dell,Inspiron 15,159932,199915,2025-08-20,Discontinued,3
409,NE-UBI-0409,11,Ubiquiti,UniFi Dream Machine,16406,19851,2025-11-30,Out of Stock,15
410,GA-RAZ-0410,9,Razer,BlackWidow V4,73365,84370,2026-02-28,In Stock,33
411,AU-BOA-0411,5,Boat,Stone 350,29137,35256,2026-04-10,In Stock,24
412,LA-HP-0412,2,HP,Pavilion 14,110238,126774,2025-10-22,In Stock,4
413,NE-TP--0413,11,TP-Link,Archer AX73,24227,27134,2026-07-05,In Stock,30
414,NE-TP--0414,11,TP-Link,Archer AX73,34423,38210,2026-05-19,In Stock,30
415,CA-PAN-0415,10,Panasonic,Lumix S5 II,118315,144344,2026-06-24,Out of Stock,36
416,SM-GAR-0416,4,Garmin,Forerunner 265,40436,48523,2026-03-12,In Stock,12
417,HO-WHI-0417,7,Whirlpool,Magic Clean Washing Machine,179500,197450,2025-08-22,In Stock,25
418,HO-SAM-0418,7,Samsung,Side-by-Side Refrigerator,237841,278274,2026-05-18,In Stock,2
419,NE-UBI-0419,11,Ubiquiti,UniFi Dream Machine,21463,26399,2026-03-22,Out of Stock,15
420,LA-MSI-0420,2,MSI,Stealth 16,39036,44111,2026-07-01,In Stock,22
421,CO-DEL-0421,8,Dell,KB216 Keyboard,17073,19122,2026-06-19,In Stock,3
422,HO-LG-0422,7,LG,Front Load Washing Machine,44186,51256,2026-02-15,Out of Stock,6
423,SM-GOO-0423,1,Google,pixel 10 pro,30914,34933,2026-01-17,In Stock,20
424,CA-NIK-0424,10,Nikon,Z50 II,75571,91441,2026-07-08,In Stock,34
425,AU-JBL-0425,5,JBL,Tune 770NC,5278,6017,2025-08-03,In Stock,23
426,NE-NET-0426,11,Netgear,Nighthawk AX12,38363,45268,2025-09-22,In Stock,37
427,AU-SON-0427,5,Sony,ULT WEAR,26601,32985,2025-09-13,In Stock,7
428,SM-APP-0428,4,Apple,Apple Watch Ultra 2,31144,37373,2025-09-30,Out of Stock,1
429,LA-HP-0429,2,HP,Victus 15,175742,217920,2026-06-20,In Stock,4
430,SM-SAM-0430,4,Samsung,Galaxy Watch Ultra,28269,31944,2025-09-15,In Stock,2
431,NE-D-L-0431,11,D-Link,DIR-X5460,48202,56396,2026-02-11,In Stock,38
432,TA-XIA-0432,3,Xiaomi,Pad 7,48884,57683,2025-10-27,In Stock,11
433,SM-APP-0433,4,Apple,Apple Watch Ultra 2,6504,7870,2026-06-12,In Stock,1
434,TA-XIA-0434,3,Xiaomi,Pad 7,36342,44337,2025-08-07,In Stock,11
435,CO-COR-0435,8,Corsair,K70 RGB Keyboard,23340,25907,2026-05-31,In Stock,29
436,TA-SAM-0436,3,Samsung,Galaxy Tab S10 Ultra,47636,57163,2026-01-11,In Stock,2
437,CO-COR-0437,8,Corsair,M75 Wireless Mouse,5645,6266,2026-03-04,In Stock,29
438,CA-CAN-0438,10,Canon,EOS R10,154177,172678,2026-03-15,Out of Stock,10
439,LA-ASU-0439,2,ASUS,Vivobook 15,90623,113279,2026-07-30,Out of Stock,8
440,CO-HP-0440,8,HP,USB-C Dock G5,23464,26984,2026-07-17,In Stock,4
441,ST-WES-0441,12,Western Digital,My Passport 2TB,1604,1813,2025-10-12,In Stock,39
442,GA-SON-0442,9,Sony,PlayStation 5 Slim,42695,51234,2025-12-27,Discontinued,7
443,GA-SON-0443,9,Sony,PlayStation Portal,28874,35226,2025-08-04,Coming Soon,7
444,SM-GOO-0444,1,Google,Pixel 10,52770,62796,2025-11-03,In Stock,20
445,HO-LG-0445,7,LG,Dual Inverter AC,121438,149369,2025-09-23,Out of Stock,6
446,LA-ASU-0446,2,ASUS,Zenbook 14,114783,142331,2026-04-28,Coming Soon,8
447,SM-XIA-0447,1,Xiaomi,Xiaomi 15,19506,22432,2025-10-31,In Stock,11
448,NE-TP--0448,11,TP-Link,Deco X55,14339,15773,2026-02-11,In Stock,30
449,SM-AMA-0449,4,Amazfit,Bip 5,7004,8545,2025-09-24,In Stock,13
450,CO-TP--0450,8,TP-Link,UH720 USB Hub,14924,16566,2026-04-12,Out of Stock,30
451,ST-WES-0451,12,Western Digital,WD Black SN850X,29409,35291,2025-08-14,Coming Soon,39
452,CO-TP--0452,8,TP-Link,USB Bluetooth Adapter,13949,17157,2026-02-18,In Stock,30
453,TE-LG-0453,6,LG,UQ75 55,184481,204774,2026-06-29,Out of Stock,6
454,TA-XIA-0454,3,Xiaomi,Pad 7,29687,35328,2026-04-04,In Stock,11
455,GA-RAZ-0455,9,Razer,DeathAdder V3,57271,69298,2026-04-11,Out of Stock,33
456,TA-LEN-0456,3,Lenovo,Tab M11,23025,25558,2025-08-08,Out of Stock,5
457,TA-LEN-0457,3,Lenovo,Legion Y700,11519,14168,2026-04-01,Out of Stock,5
458,SM-XIA-0458,1,Xiaomi,Poco F7,74138,91931,2025-12-02,In Stock,11
459,GA-ASU-0459,9,ASUS,ROG Ally,65530,81257,2026-04-21,In Stock,8
460,TE-SAM-0460,6,Samsung,Neo QLED 65,46825,53849,2025-10-25,In Stock,2
461,SM-APP-0461,4,Apple,Apple Watch Ultra 2,39323,45221,2026-05-08,In Stock,1
462,TE-SAM-0462,6,Samsung,Crystal UHD 55,63671,71312,2026-01-11,Out of Stock,2
463,SM-AMA-0463,4,Amazfit,Balance,5243,5872,2026-06-07,Coming Soon,13
464,NE-D-L-0464,11,D-Link,DGS-1210 Switch,19574,22706,2026-01-29,In Stock,38
465,SM-GAR-0465,4,Garmin,Fenix 8,2175,2588,2026-06-24,In Stock,12
466,LA-HP-0466,2,HP,Pavilion 14,172612,203682,2026-05-14,Discontinued,4
467,ST-SAN-0467,12,SanDisk,Extreme Portable SSD,23196,26211,2026-05-09,In Stock,17
468,SM-GAR-0468,4,Garmin,Venu 3,37438,43054,2026-03-17,Out of Stock,12
469,SM-APP-0469,4,Apple,Apple Watch SE,19723,23668,2026-07-08,In Stock,1
470,CO-COR-0470,8,Corsair,HS80 Headset,20260,23907,2026-02-15,In Stock,29
471,AU-BOA-0471,5,Boat,Airpods 141,22922,27736,2026-05-18,In Stock,24
472,CA-CAN-0472,10,Canon,EOS R10,274257,301683,2025-11-09,Coming Soon,10
473,SM-XIA-0473,1,Xiaomi,Redmi Note 15 Pro,77869,93443,2026-03-31,In Stock,11
474,GA-NIN-0474,9,Nintendo,Nintendo Switch Lite,74542,84232,2025-09-10,In Stock,32
475,SM-SAM-0475,4,Samsung,Galaxy Watch Ultra,38690,42946,2026-01-28,In Stock,2
476,SM-NOT-0476,1,Nothing,Phone 3a,20867,25666,2025-12-08,Out of Stock,21
477,SM-GAR-0477,4,Garmin,Forerunner 265,16083,17691,2026-04-07,In Stock,12
478,SM-NOT-0478,1,Nothing,Phone 3,97319,114836,2025-11-01,In Stock,21
479,LA-ASU-0479,2,ASUS,Vivobook 15,108990,132968,2026-06-06,In Stock,8
480,TE-LG-0480,6,LG,OLED C5,59093,70912,2025-08-19,Out of Stock,6
481,SM-AMA-0481,4,Amazfit,Bip 5,30562,34535,2026-04-21,In Stock,13
482,ST-KIN-0482,12,Kingston,KC3000 SSD,2051,2420,2026-05-14,In Stock,16
483,GA-SON-0483,9,Sony,PlayStation 5,41018,47171,2026-06-25,In Stock,7
484,ST-SEA-0484,12,Seagate,Expansion Portable 2TB,12868,15056,2026-06-22,Discontinued,40
485,ST-KIN-0485,12,Kingston,DataTraveler Max,23106,28189,2026-04-25,In Stock,16
486,GA-RAZ-0486,9,Razer,Kraken V4 Headset,51487,58695,2026-02-20,In Stock,33
487,NE-CIS-0487,11,Cisco,Business 350 Switch,31578,37262,2026-06-23,In Stock,14
488,CA-SON-0488,10,Sony,Alpha A7 IV,295635,339980,2025-11-18,In Stock,7
489,ST-SAM-0489,12,Samsung,990 Pro SSD,31678,35479,2025-09-06,Out of Stock,2
490,CA-FUJ-0490,10,Fujifilm,X-T5,133963,148699,2025-09-17,In Stock,35
491,SM-SAM-0491,1,Samsung,Galaxy S25,96764,109343,2025-11-23,In Stock,2
492,GA-NIN-0492,9,Nintendo,Nintendo Switch OLED,41866,49402,2025-12-31,In Stock,32
493,CA-SON-0493,10,Sony,Alpha A7 IV,244059,302633,2025-11-18,In Stock,7
494,AU-JBL-0494,5,JBL,Flip 7,27090,30612,2026-04-30,Out of Stock,23
495,CA-CAN-0495,10,Canon,EOS R8,61751,75336,2026-02-14,In Stock,10
496,TE-SAM-0496,6,Samsung,Crystal UHD 55,58757,69921,2025-10-23,In Stock,2
497,HO-LG-0497,7,LG,Dual Inverter AC,223292,245621,2025-08-16,In Stock,6
498,CA-FUJ-0498,10,Fujifilm,X-T5,51336,64170,2025-09-25,Coming Soon,35
499,AU-SON-0499,5,Sony,ULT WEAR,19329,22615,2026-01-29,In Stock,7
500,SM-SAM-0500,4,Samsung,Galaxy Watch Ultra,34016,39799,2026-06-15,In Stock,2
