warehouse_id,product_id,current_quantity
1,1,568
1,2,57
1,3,459
1,4,45
1,5,560
1,6,679
1,7,51
1,8,8
1,9,266
1,10,93
1,11,614
1,12,284
1,13,87
1,14,159
1,15,467
1,16,313
1,17,143
1,18,463
1,19,629
1,20,767
1,21,289
1,22,241
1,23,741
1,24,28
1,25,213
1,26,200
1,27,496
1,28,230
1,29,721
1,30,46
1,31,663
1,32,0
1,33,72
1,34,186
1,35,71
1,36,475
1,37,64
1,38,13
1,39,284
1,40,70
1,41,334
1,42,148
1,43,219
1,44,163
1,45,72
1,46,182
1,47,622
1,48,110
1,49,497
1,50,3
1,51,503
1,52,228
1,53,487
1,54,200
1,55,557
1,56,34
1,57,510
1,58,143
1,59,140
1,60,188
1,61,18
1,62,76
1,63,527
1,64,796
1,65,551
1,66,222
1,67,171
1,68,225
1,69,785
1,70,562
1,71,195
1,72,115
1,73,293
1,74,97
1,75,301
1,76,783
1,77,16
1,78,137
1,79,197
1,80,322
1,81,130
1,82,516
1,83,751
1,84,672
1,85,337
1,86,1
1,87,82
1,88,684
1,89,487
1,90,41
1,91,182
1,92,213
1,93,782
1,94,551
1,95,373
1,96,122
1,97,140
1,98,435
1,99,230
1,100,50
1,101,196
1,102,93
1,103,150
1,104,284
1,105,738
1,106,147
1,107,65
1,108,283
1,109,259
1,110,287
1,111,88
1,112,22
1,113,223
1,114,236
1,115,726
1,116,345
1,117,222
1,118,768
1,119,728
1,120,378
1,121,57
1,122,612
1,123,178
1,124,87
1,125,295
1,126,64
1,127,550
1,128,707
1,129,693
1,130,44
1,131,715
1,132,314
1,133,377
1,134,84
1,135,192
1,136,544
1,137,87
1,138,74
1,139,617
1,140,54
1,141,638
1,142,31
1,143,115
1,144,52
1,145,285
1,146,9
1,147,276
1,148,121
1,149,751
1,150,243
1,151,236
1,152,434
1,153,616
1,154,54
1,155,650
1,156,177
1,157,757
1,158,124
1,159,164
1,160,236
1,161,698
1,162,449
1,163,17
1,164,334
1,165,222
1,166,446
1,167,146
1,168,732
1,169,322
1,170,65
1,171,260
1,172,154
1,173,734
1,174,277
1,175,93
1,176,34
1,177,138
1,178,308
1,179,16
1,180,602
1,181,436
1,182,43
1,183,201
1,184,42
1,185,425
1,186,653
1,187,109
1,188,49
1,189,26
1,190,411
1,191,537
1,192,707
1,193,671
1,194,621
1,195,141
1,196,72
1,197,7
1,198,615
1,199,280
1,200,171
1,201,367
1,202,407
1,203,126
1,204,226
1,205,68
1,206,126
1,207,204
1,208,36
1,209,709
1,210,737
1,211,285
1,212,473
1,213,610
1,214,273
1,215,126
1,216,693
1,217,100
1,218,115
1,219,352
1,220,103
1,221,190
1,222,273
1,223,431
1,224,117
1,225,653
1,226,68
1,227,548
1,228,755
1,229,289
1,230,213
1,231,50
1,232,177
1,233,137
1,234,608
1,235,596
1,236,421
1,237,33
1,238,9
1,239,146
1,240,124
1,241,274
1,242,126
1,243,237
1,244,232
1,245,456
1,246,785
1,247,313
1,248,315
1,249,410
1,250,59
1,251,591
1,252,61
1,253,459
1,254,142
1,255,437
1,256,183
1,257,712
1,258,90
1,259,222
1,260,774
1,261,473
1,262,464
1,263,487
1,264,312
1,265,544
1,266,124
1,267,152
1,268,53
1,269,749
1,270,750
1,271,488
1,272,738
1,273,30
1,274,618
1,275,770
1,276,793
1,277,296
1,278,114
1,279,200
1,280,67
1,281,407
1,282,509
1,283,280
1,284,49
1,285,407
1,286,54
1,287,367
1,288,58
1,289,579
1,290,146
1,291,291
1,292,612
1,293,93
1,294,35
1,295,163
1,296,119
1,297,277
1,298,554
1,299,183
1,300,529
1,301,321
1,302,51
1,303,214
1,304,122
1,305,465
1,306,125
1,307,234
1,308,194
1,309,242
1,310,196
1,311,233
1,312,76
1,313,434
1,314,395
1,315,227
1,316,137
1,317,64
1,318,86
1,319,45
1,320,597
1,321,249
1,322,433
1,323,789
1,324,275
1,325,432
1,326,260
1,327,140
1,328,140
1,329,114
1,330,12
1,331,165
1,332,280
1,333,106
1,334,23
1,335,122
1,336,458
1,337,239
1,338,777
1,339,13
1,340,95
1,341,8
1,342,96
1,343,723
1,344,738
1,345,86
1,346,586
1,347,682
1,348,461
1,349,207
1,350,30
1,351,128
1,352,160
1,353,119
1,354,165
1,355,361
1,356,542
1,357,449
1,358,278
1,359,69
1,360,190
1,361,130
1,362,172
1,363,234
1,364,253
1,365,85
1,366,413
1,367,566
1,368,292
1,369,169
1,370,408
1,371,270
1,372,228
1,373,240
1,374,649
1,375,416
1,376,79
1,377,657
1,378,41
1,379,298
1,380,413
1,381,231
1,382,354
1,383,115
1,384,444
1,385,167
1,386,152
1,387,31
1,388,585
1,389,613
1,390,28
1,391,727
1,392,123
1,393,56
1,394,283
1,395,402
1,396,85
1,397,221
1,398,716
1,399,588
1,400,629
1,401,193
1,402,136
1,403,79
1,404,288
1,405,558
1,406,613
1,407,746
1,408,429
1,409,782
1,410,194
1,411,538
1,412,530
1,413,122
1,414,619
1,415,755
1,416,186
1,417,222
1,418,248
1,419,729
1,420,249
1,421,4
1,422,262
1,423,89
1,424,587
1,425,632
1,426,164
1,427,145
1,428,356
1,429,82
1,430,453
1,431,529
1,432,63
1,433,440
1,434,397
1,435,326
1,436,373
1,437,183
1,438,106
1,439,290
1,440,7
1,441,35
1,442,518
1,443,18
1,444,399
1,445,248
1,446,459
1,447,49
1,448,593
1,449,151
1,450,137
1,451,769
1,452,699
1,453,98
1,454,500
1,455,666
1,456,128
1,457,208
1,458,147
1,459,799
1,460,730
1,461,44
1,462,162
1,463,684
1,464,8
1,465,466
1,466,667
1,467,531
1,468,479
1,469,785
1,470,170
1,471,714
1,472,139
1,473,94
1,474,222
1,475,140
1,476,161
1,477,256
1,478,308
1,479,246
1,480,200
1,481,558
1,482,208
1,483,482
1,484,237
1,485,65
1,486,658
1,487,196
1,488,613
1,489,232
1,490,758
1,491,656
1,492,265
1,493,295
1,494,704
1,495,686
1,496,365
1,497,334
1,498,177
1,499,140
1,500,31
2,1,679
2,2,217
2,3,766
2,4,261
2,5,468
2,6,157
2,7,607
2,8,2
2,9,434
2,10,260
2,11,78
2,12,107
2,13,675
2,14,484
2,15,32
2,16,144
2,17,42
2,18,66
2,19,297
2,20,106
2,21,66
2,22,732
2,23,143
2,24,373
2,25,644
2,26,292
2,27,71
2,28,558
2,29,467
2,30,290
2,31,486
2,32,261
2,33,270
2,34,65
2,35,64
2,36,553
2,37,202
2,38,360
2,39,313
2,40,793
2,41,151
2,42,763
2,43,654
2,44,13
2,45,538
2,46,27
2,47,30
2,48,289
2,49,171
2,50,274
2,51,232
2,52,125
2,53,638
2,54,470
2,55,171
2,56,680
2,57,387
2,58,298
2,59,206
2,60,177
2,61,343
2,62,474
2,63,207
2,64,116
2,65,648
2,66,0
2,67,704
2,68,91
2,69,122
2,70,267
2,71,177
2,72,455
2,73,238
2,74,133
2,75,280
2,76,184
2,77,105
2,78,8
2,79,344
2,80,72
2,81,482
2,82,21
2,83,86
2,84,56
2,85,66
2,86,240
2,87,219
2,88,92
2,89,581
2,90,787
2,91,32
2,92,143
2,93,183
2,94,461
2,95,553
2,96,273
2,97,280
2,98,225
2,99,315
2,100,578
2,101,83
2,102,163
2,103,288
2,104,154
2,105,594
2,106,178
2,107,230
2,108,13
2,109,35
2,110,724
2,111,237
2,112,580
2,113,574
2,114,234
2,115,294
2,116,22
2,117,156
2,118,443
2,119,96
2,120,30
2,121,255
2,122,255
2,123,222
2,124,136
2,125,562
2,126,440
2,127,676
2,128,547
2,129,712
2,130,12
2,131,513
2,132,133
2,133,246
2,134,270
2,135,115
2,136,138
2,137,5
2,138,56
2,139,290
2,140,717
2,141,63
2,142,459
2,143,771
2,144,757
2,145,379
2,146,121
2,147,551
2,148,45
2,149,103
2,150,254
2,151,52
2,152,109
2,153,522
2,154,97
2,155,286
2,156,722
2,157,548
2,158,333
2,159,113
2,160,346
2,161,325
2,162,15
2,163,215
2,164,2
2,165,195
2,166,199
2,167,184
2,168,595
2,169,71
2,170,608
2,171,107
2,172,609
2,173,223
2,174,433
2,175,11
2,176,248
2,177,507
2,178,300
2,179,96
2,180,777
2,181,162
2,182,193
2,183,433
2,184,485
2,185,184
2,186,292
2,187,238
2,188,614
2,189,137
2,190,676
2,191,13
2,192,409
2,193,191
2,194,183
2,195,68
2,196,29
2,197,263
2,198,606
2,199,709
2,200,533
2,201,419
2,202,183
2,203,225
2,204,186
2,205,119
2,206,483
2,207,740
2,208,647
2,209,229
2,210,349
2,211,215
2,212,2
2,213,85
2,214,79
2,215,399
2,216,659
2,217,143
2,218,71
2,219,187
2,220,412
2,221,22
2,222,463
2,223,423
2,224,432
2,225,342
2,226,535
2,227,637
2,228,740
2,229,414
2,230,292
2,231,792
2,232,284
2,233,152
2,234,319
2,235,239
2,236,62
2,237,679
2,238,204
2,239,398
2,240,290
2,241,476
2,242,191
2,243,154
2,244,237
2,245,672
2,246,2
2,247,51
2,248,401
2,249,128
2,250,194
2,251,290
2,252,722
2,253,47
2,254,149
2,255,68
2,256,159
2,257,423
2,258,267
2,259,584
2,260,49
2,261,560
2,262,237
2,263,36
2,264,385
2,265,72
2,266,371
2,267,680
2,268,782
2,269,419
2,270,273
2,271,655
2,272,776
2,273,130
2,274,216
2,275,160
2,276,136
2,277,762
2,278,226
2,279,410
2,280,345
2,281,772
2,282,396
2,283,362
2,284,367
2,285,110
2,286,181
2,287,160
2,288,404
2,289,148
2,290,187
2,291,49
2,292,153
2,293,434
2,294,270
2,295,206
2,296,202
2,297,86
2,298,44
2,299,12
2,300,80
2,301,126
2,302,684
2,303,287
2,304,132
2,305,282
2,306,473
2,307,547
2,308,205
2,309,296
2,310,674
2,311,146
2,312,249
2,313,30
2,314,48
2,315,584
2,316,194
2,317,693
2,318,79
2,319,209
2,320,268
2,321,36
2,322,756
2,323,514
2,324,723
2,325,147
2,326,175
2,327,270
2,328,599
2,329,27
2,330,29
2,331,526
2,332,151
2,333,313
2,334,265
2,335,79
2,336,263
2,337,515
2,338,114
2,339,38
2,340,173
2,341,590
2,342,204
2,343,639
2,344,537
2,345,444
2,346,349
2,347,276
2,348,83
2,349,299
2,350,290
2,351,419
2,352,4
2,353,308
2,354,274
2,355,535
2,356,536
2,357,14
2,358,178
2,359,111
2,360,552
2,361,580
2,362,119
2,363,279
2,364,321
2,365,437
2,366,486
2,367,360
2,368,291
2,369,384
2,370,87
2,371,28
2,372,561
2,373,483
2,374,438
2,375,33
2,376,172
2,377,44
2,378,95
2,379,600
2,380,197
2,381,286
2,382,290
2,383,515
2,384,295
2,385,52
2,386,232
2,387,614
2,388,652
2,389,250
2,390,603
2,391,156
2,392,80
2,393,441
2,394,103
2,395,281
2,396,36
2,397,280
2,398,63
2,399,342
2,400,195
2,401,40
2,402,6
2,403,150
2,404,221
2,405,121
2,406,349
2,407,156
2,408,759
2,409,168
2,410,430
2,411,229
2,412,13
2,413,508
2,414,483
2,415,332
2,416,270
2,417,84
2,418,394
2,419,782
2,420,0
2,421,259
2,422,327
2,423,65
2,424,34
2,425,205
2,426,245
2,427,95
2,428,239
2,429,235
2,430,295
2,431,291
2,432,108
2,433,311
2,434,110
2,435,478
2,436,312
2,437,213
2,438,261
2,439,272
2,440,481
2,441,507
2,442,81
2,443,735
2,444,177
2,445,617
2,446,389
2,447,132
2,448,137
2,449,554
2,450,211
2,451,491
2,452,219
2,453,0
2,454,292
2,455,431
2,456,299
2,457,333
2,458,262
2,459,270
2,460,486
2,461,171
2,462,290
2,463,582
2,464,788
2,465,424
2,466,752
2,467,799
2,468,272
2,469,182
2,470,374
2,471,12
2,472,715
2,473,28
2,474,682
2,475,756
2,476,192
2,477,296
2,478,586
2,479,85
2,480,150
2,481,688
2,482,625
2,483,22
2,484,469
2,485,163
2,486,272
2,487,172
2,488,69
2,489,590
2,490,279
2,491,29
2,492,476
2,493,100
2,494,492
2,495,329
2,496,23
2,497,21
2,498,158
2,499,717
2,500,36
3,1,76
3,2,674
3,3,127
3,4,551
3,5,70
3,6,406
3,7,209
3,8,708
3,9,98
3,10,109
3,11,158
3,12,54
3,13,444
3,14,271
3,15,252
3,16,463
3,17,31
3,18,665
3,19,611
3,20,89
3,21,413
3,22,191
3,23,363
3,24,245
3,25,562
3,26,67
3,27,124
3,28,509
3,29,235
3,30,397
3,31,621
3,32,128
3,33,701
3,34,725
3,35,671
3,36,11
3,37,485
3,38,171
3,39,31
3,40,139
3,41,62
3,42,406
3,43,243
3,44,111
3,45,333
3,46,220
3,47,757
3,48,136
3,49,738
3,50,57
3,51,166
3,52,218
3,53,682
3,54,202
3,55,210
3,56,118
3,57,68
3,58,2
3,59,54
3,60,229
3,61,715
3,62,427
3,63,734
3,64,30
3,65,18
3,66,44
3,67,89
3,68,136
3,69,154
3,70,751
3,71,238
3,72,237
3,73,427
3,74,253
3,75,369
3,76,198
3,77,97
3,78,42
3,79,747
3,80,224
3,81,133
3,82,434
3,83,769
3,84,711
3,85,142
3,86,3
3,87,719
3,88,404
3,89,106
3,90,267
3,91,269
3,92,268
3,93,64
3,94,422
3,95,165
3,96,196
3,97,393
3,98,168
3,99,257
3,100,94
3,101,37
3,102,213
3,103,406
3,104,234
3,105,614
3,106,145
3,107,98
3,108,733
3,109,77
3,110,477
3,111,753
3,112,514
3,113,117
3,114,109
3,115,293
3,116,791
3,117,18
3,118,647
3,119,730
3,120,255
3,121,273
3,122,745
3,123,494
3,124,603
3,125,677
3,126,121
3,127,291
3,128,247
3,129,741
3,130,661
3,131,142
3,132,66
3,133,154
3,134,642
3,135,622
3,136,48
3,137,285
3,138,462
3,139,132
3,140,778
3,141,25
3,142,296
3,143,493
3,144,650
3,145,135
3,146,517
3,147,478
3,148,702
3,149,413
3,150,291
3,151,230
3,152,291
3,153,675
3,154,237
3,155,85
3,156,184
3,157,86
3,158,760
3,159,544
3,160,524
3,161,795
3,162,160
3,163,209
3,164,202
3,165,20
3,166,347
3,167,241
3,168,295
3,169,44
3,170,45
3,171,251
3,172,536
3,173,522
3,174,91
3,175,513
3,176,170
3,177,97
3,178,48
3,179,76
3,180,15
3,181,57
3,182,33
3,183,14
3,184,103
3,185,284
3,186,12
3,187,52
3,188,785
3,189,399
3,190,695
3,191,126
3,192,606
3,193,170
3,194,43
3,195,485
3,196,186
3,197,163
3,198,545
3,199,205
3,200,722
3,201,585
3,202,610
3,203,96
3,204,643
3,205,39
3,206,684
3,207,774
3,208,202
3,209,293
3,210,95
3,211,3
3,212,31
3,213,750
3,214,301
3,215,311
3,216,664
3,217,649
3,218,564
3,219,102
3,220,250
3,221,86
3,222,239
3,223,16
3,224,315
3,225,574
3,226,49
3,227,88
3,228,192
3,229,81
3,230,137
3,231,152
3,232,17
3,233,662
3,234,778
3,235,80
3,236,761
3,237,209
3,238,197
3,239,176
3,240,456
3,241,139
3,242,681
3,243,185
3,244,365
3,245,192
3,246,277
3,247,24
3,248,43
3,249,175
3,250,479
3,251,261
3,252,652
3,253,770
3,254,316
3,255,432
3,256,355
3,257,620
3,258,612
3,259,263
3,260,387
3,261,384
3,262,283
3,263,198
3,264,520
3,265,195
3,266,56
3,267,81
3,268,47
3,269,537
3,270,240
3,271,1
3,272,700
3,273,76
3,274,182
3,275,257
3,276,134
3,277,98
3,278,799
3,279,538
3,280,300
3,281,64
3,282,249
3,283,86
3,284,455
3,285,503
3,286,45
3,287,101
3,288,362
3,289,630
3,290,416
3,291,65
3,292,49
3,293,278
3,294,134
3,295,31
3,296,270
3,297,794
3,298,88
3,299,324
3,300,33
3,301,748
3,302,270
3,303,115
3,304,647
3,305,528
3,306,669
3,307,244
3,308,217
3,309,276
3,310,267
3,311,457
3,312,394
3,313,298
3,314,684
3,315,453
3,316,201
3,317,250
3,318,628
3,319,217
3,320,240
3,321,405
3,322,581
3,323,63
3,324,340
3,325,105
3,326,230
3,327,275
3,328,0
3,329,372
3,330,230
3,331,378
3,332,371
3,333,622
3,334,117
3,335,4
3,336,460
3,337,281
3,338,79
3,339,132
3,340,410
3,341,139
3,342,390
3,343,715
3,344,152
3,345,32
3,346,556
3,347,25
3,348,134
3,349,459
3,350,28
3,351,167
3,352,224
3,353,144
3,354,230
3,355,653
3,356,105
3,357,329
3,358,66
3,359,776
3,360,211
3,361,4
3,362,73
3,363,214
3,364,584
3,365,111
3,366,245
3,367,690
3,368,84
3,369,70
3,370,283
3,371,683
3,372,15
3,373,444
3,374,479
3,375,124
3,376,126
3,377,90
3,378,164
3,379,49
3,380,226
3,381,538
3,382,347
3,383,477
3,384,517
3,385,691
3,386,94
3,387,493
3,388,294
3,389,164
3,390,220
3,391,339
3,392,203
3,393,325
3,394,241
3,395,12
3,396,630
3,397,546
3,398,230
3,399,686
3,400,356
3,401,0
3,402,784
3,403,71
3,404,5
3,405,670
3,406,102
3,407,644
3,408,480
3,409,469
3,410,287
3,411,89
3,412,793
3,413,662
3,414,258
3,415,147
3,416,408
3,417,109
3,418,431
3,419,44
3,420,148
3,421,157
3,422,369
3,423,223
3,424,449
3,425,176
3,426,711
3,427,747
3,428,242
3,429,170
3,430,516
3,431,101
3,432,209
3,433,228
3,434,604
3,435,291
3,436,254
3,437,628
3,438,485
3,439,314
3,440,488
3,441,189
3,442,274
3,443,527
3,444,587
3,445,292
3,446,530
3,447,125
3,448,369
3,449,73
3,450,753
3,451,231
3,452,173
3,453,607
3,454,31
3,455,126
3,456,58
3,457,174
3,458,159
3,459,130
3,460,68
3,461,711
3,462,431
3,463,585
3,464,257
3,465,165
3,466,168
3,467,235
3,468,73
3,469,537
3,470,785
3,471,228
3,472,130
3,473,648
3,474,294
3,475,285
3,476,33
3,477,224
3,478,392
3,479,456
3,480,200
3,481,614
3,482,214
3,483,23
3,484,617
3,485,465
3,486,297
3,487,320
3,488,482
3,489,499
3,490,501
3,491,473
3,492,221
3,493,5
3,494,595
3,495,236
3,496,770
3,497,421
3,498,592
3,499,218
3,500,369
4,1,489
4,2,31
4,3,191
4,4,168
4,5,393
4,6,181
4,7,40
4,8,172
4,9,163
4,10,253
4,11,454
4,12,7
4,13,270
4,14,126
4,15,711
4,16,4
4,17,652
4,18,718
4,19,479
4,20,264
4,21,345
4,22,247
4,23,699
4,24,564
4,25,648
4,26,677
4,27,279
4,28,425
4,29,614
4,30,599
4,31,204
4,32,289
4,33,232
4,34,129
4,35,44
4,36,359
4,37,643
4,38,512
4,39,99
4,40,92
4,41,174
4,42,375
4,43,781
4,44,569
4,45,80
4,46,495
4,47,211
4,48,265
4,49,75
4,50,649
4,51,280
4,52,278
4,53,461
4,54,290
4,55,783
4,56,91
4,57,312
4,58,280
4,59,763
4,60,385
4,61,71
4,62,121
4,63,519
4,64,587
4,65,185
4,66,249
4,67,228
4,68,78
4,69,213
4,70,604
4,71,51
4,72,218
4,73,206
4,74,658
4,75,111
4,76,46
4,77,44
4,78,268
4,79,80
4,80,138
4,81,158
4,82,234
4,83,33
4,84,342
4,85,66
4,86,88
4,87,375
4,88,250
4,89,222
4,90,739
4,91,160
4,92,257
4,93,139
4,94,163
4,95,652
4,96,261
4,97,91
4,98,187
4,99,219
4,100,120
4,101,264
4,102,127
4,103,147
4,104,206
4,105,370
4,106,300
4,107,733
4,108,299
4,109,179
4,110,595
4,111,236
4,112,567
4,113,186
4,114,511
4,115,411
4,116,289
4,117,65
4,118,233
4,119,175
4,120,723
4,121,326
4,122,19
4,123,556
4,124,780
4,125,92
4,126,226
4,127,115
4,128,143
4,129,687
4,130,198
4,131,185
4,132,123
4,133,430
4,134,772
4,135,90
4,136,136
4,137,252
4,138,261
4,139,447
4,140,49
4,141,47
4,142,88
4,143,6
4,144,583
4,145,654
4,146,262
4,147,271
4,148,676
4,149,255
4,150,178
4,151,331
4,152,66
4,153,472
4,154,231
4,155,753
4,156,148
4,157,277
4,158,132
4,159,106
4,160,684
4,161,17
4,162,275
4,163,113
4,164,380
4,165,92
4,166,532
4,167,221
4,168,162
4,169,619
4,170,209
4,171,553
4,172,245
4,173,250
4,174,187
4,175,264
4,176,603
4,177,135
4,178,380
4,179,346
4,180,214
4,181,659
4,182,505
4,183,195
4,184,161
4,185,117
4,186,260
4,187,220
4,188,462
4,189,442
4,190,209
4,191,336
4,192,45
4,193,11
4,194,239
4,195,315
4,196,92
4,197,669
4,198,252
4,199,272
4,200,427
4,201,60
4,202,90
4,203,514
4,204,194
4,205,797
4,206,755
4,207,502
4,208,652
4,209,154
4,210,460
4,211,114
4,212,77
4,213,568
4,214,134
4,215,383
4,216,601
4,217,418
4,218,335
4,219,392
4,220,776
4,221,133
4,222,795
4,223,284
4,224,741
4,225,349
4,226,100
4,227,590
4,228,330
4,229,515
4,230,49
4,231,180
4,232,10
4,233,276
4,234,104
4,235,19
4,236,252
4,237,262
4,238,644
4,239,250
4,240,203
4,241,105
4,242,129
4,243,491
4,244,30
4,245,122
4,246,268
4,247,100
4,248,160
4,249,55
4,250,126
4,251,473
4,252,94
4,253,619
4,254,765
4,255,29
4,256,150
4,257,475
4,258,267
4,259,178
4,260,478
4,261,204
4,262,71
4,263,514
4,264,320
4,265,121
4,266,232
4,267,172
4,268,612
4,269,623
4,270,418
4,271,101
4,272,306
4,273,245
4,274,84
4,275,190
4,276,432
4,277,29
4,278,745
4,279,691
4,280,113
4,281,712
4,282,24
4,283,278
4,284,242
4,285,202
4,286,151
4,287,255
4,288,222
4,289,696
4,290,189
4,291,193
4,292,582
4,293,181
4,294,774
4,295,48
4,296,545
4,297,672
4,298,237
4,299,761
4,300,3
4,301,129
4,302,397
4,303,325
4,304,791
4,305,710
4,306,199
4,307,363
4,308,8
4,309,296
4,310,119
4,311,468
4,312,11
4,313,244
4,314,20
4,315,737
4,316,589
4,317,1
4,318,76
4,319,417
4,320,72
4,321,480
4,322,226
4,323,675
4,324,226
4,325,187
4,326,73
4,327,217
4,328,21
4,329,64
4,330,248
4,331,106
4,332,587
4,333,48
4,334,278
4,335,23
4,336,607
4,337,279
4,338,709
4,339,281
4,340,161
4,341,351
4,342,575
4,343,109
4,344,143
4,345,275
4,346,379
4,347,238
4,348,280
4,349,201
4,350,251
4,351,350
4,352,154
4,353,728
4,354,230
4,355,25
4,356,571
4,357,299
4,358,128
4,359,668
4,360,599
4,361,245
4,362,791
4,363,69
4,364,285
4,365,782
4,366,272
4,367,39
4,368,195
4,369,300
4,370,171
4,371,514
4,372,63
4,373,685
4,374,289
4,375,466
4,376,547
4,377,21
4,378,10
4,379,580
4,380,756
4,381,628
4,382,671
4,383,209
4,384,321
4,385,15
4,386,86
4,387,393
4,388,57
4,389,760
4,390,153
4,391,208
4,392,272
4,393,291
4,394,165
4,395,93
4,396,21
4,397,254
4,398,201
4,399,191
4,400,654
4,401,449
4,402,175
4,403,792
4,404,43
4,405,488
4,406,461
4,407,1
4,408,358
4,409,645
4,410,76
4,411,183
4,412,138
4,413,30
4,414,221
4,415,47
4,416,219
4,417,703
4,418,424
4,419,583
4,420,52
4,421,240
4,422,68
4,423,168
4,424,727
4,425,240
4,426,402
4,427,347
4,428,528
4,429,292
4,430,115
4,431,241
4,432,271
4,433,521
4,434,329
4,435,433
4,436,82
4,437,248
4,438,83
4,439,261
4,440,732
4,441,539
4,442,530
4,443,773
4,444,237
4,445,93
4,446,75
4,447,132
4,448,465
4,449,121
4,450,156
4,451,566
4,452,172
4,453,59
4,454,38
4,455,474
4,456,103
4,457,609
4,458,80
4,459,69
4,460,216
4,461,88
4,462,391
4,463,637
4,464,68
4,465,695
4,466,68
4,467,139
4,468,179
4,469,251
4,470,59
4,471,211
4,472,68
4,473,95
4,474,20
4,475,287
4,476,612
4,477,687
4,478,142
4,479,454
4,480,163
4,481,689
4,482,90
4,483,47
4,484,71
4,485,109
4,486,264
4,487,50
4,488,513
4,489,100
4,490,672
4,491,156
4,492,87
4,493,236
4,494,452
4,495,700
4,496,523
4,497,631
4,498,521
4,499,214
4,500,182
5,1,643
5,2,420
5,3,608
5,4,68
5,5,269
5,6,672
5,7,52
5,8,244
5,9,17
5,10,220
5,11,355
5,12,175
5,13,173
5,14,202
5,15,31
5,16,70
5,17,8
5,18,263
5,19,244
5,20,189
5,21,4
5,22,243
5,23,96
5,24,110
5,25,78
5,26,722
5,27,485
5,28,394
5,29,157
5,30,300
5,31,661
5,32,203
5,33,235
5,34,636
5,35,136
5,36,200
5,37,18
5,38,431
5,39,121
5,40,47
5,41,460
5,42,93
5,43,237
5,44,644
5,45,204
5,46,268
5,47,266
5,48,192
5,49,208
5,50,650
5,51,165
5,52,203
5,53,339
5,54,359
5,55,167
5,56,125
5,57,637
5,58,315
5,59,714
5,60,425
5,61,76
5,62,354
5,63,159
5,64,634
5,65,156
5,66,239
5,67,400
5,68,218
5,69,654
5,70,300
5,71,66
5,72,297
5,73,230
5,74,53
5,75,4
5,76,163
5,77,569
5,78,129
5,79,158
5,80,762
5,81,4
5,82,93
5,83,459
5,84,254
5,85,405
5,86,675
5,87,155
5,88,121
5,89,267
5,90,629
5,91,257
5,92,561
5,93,512
5,94,67
5,95,352
5,96,596
5,97,8
5,98,164
5,99,447
5,100,126
5,101,702
5,102,33
5,103,718
5,104,207
5,105,119
5,106,84
5,107,394
5,108,769
5,109,94
5,110,240
5,111,116
5,112,415
5,113,680
5,114,306
5,115,1
5,116,103
5,117,629
5,118,100
5,119,42
5,120,344
5,121,69
5,122,53
5,123,82
5,124,181
5,125,297
5,126,82
5,127,78
5,128,269
5,129,673
5,130,541
5,131,394
5,132,59
5,133,169
5,134,115
5,135,286
5,136,13
5,137,397
5,138,352
5,139,376
5,140,294
5,141,502
5,142,120
5,143,241
5,144,476
5,145,100
5,146,225
5,147,62
5,148,17
5,149,788
5,150,14
5,151,146
5,152,386
5,153,236
5,154,76
5,155,279
5,156,744
5,157,274
5,158,368
5,159,20
5,160,717
5,161,59
5,162,152
5,163,388
5,164,9
5,165,772
5,166,667
5,167,658
5,168,321
5,169,223
5,170,183
5,171,624
5,172,7
5,173,150
5,174,775
5,175,745
5,176,700
5,177,127
5,178,402
5,179,221
5,180,276
5,181,35
5,182,277
5,183,625
5,184,392
5,185,781
5,186,5
5,187,746
5,188,242
5,189,480
5,190,215
5,191,62
5,192,771
5,193,663
5,194,428
5,195,15
5,196,290
5,197,133
5,198,174
5,199,229
5,200,388
5,201,531
5,202,372
5,203,145
5,204,395
5,205,499
5,206,294
5,207,172
5,208,236
5,209,669
5,210,75
5,211,218
5,212,186
5,213,272
5,214,669
5,215,285
5,216,155
5,217,145
5,218,476
5,219,379
5,220,647
5,221,650
5,222,332
5,223,56
5,224,198
5,225,39
5,226,264
5,227,241
5,228,433
5,229,321
5,230,332
5,231,173
5,232,170
5,233,131
5,234,380
5,235,603
5,236,139
5,237,254
5,238,164
5,239,470
5,240,57
5,241,101
5,242,286
5,243,722
5,244,595
5,245,135
5,246,119
5,247,205
5,248,117
5,249,150
5,250,86
5,251,99
5,252,142
5,253,254
5,254,326
5,255,668
5,256,651
5,257,545
5,258,158
5,259,270
5,260,155
5,261,150
5,262,244
5,263,59
5,264,657
5,265,518
5,266,376
5,267,790
5,268,126
5,269,276
5,270,305
5,271,688
5,272,413
5,273,78
5,274,67
5,275,291
5,276,331
5,277,767
5,278,478
5,279,211
5,280,94
5,281,504
5,282,50
5,283,722
5,284,419
5,285,688
5,286,779
5,287,9
5,288,379
5,289,463
5,290,763
5,291,136
5,292,128
5,293,275
5,294,280
5,295,183
5,296,345
5,297,27
5,298,226
5,299,247
5,300,147
5,301,57
5,302,42
5,303,28
5,304,590
5,305,281
5,306,107
5,307,165
5,308,326
5,309,545
5,310,67
5,311,712
5,312,282
5,313,122
5,314,637
5,315,635
5,316,397
5,317,135
5,318,270
5,319,141
5,320,750
5,321,188
5,322,244
5,323,257
5,324,197
5,325,178
5,326,263
5,327,479
5,328,301
5,329,144
5,330,234
5,331,646
5,332,61
5,333,177
5,334,786
5,335,750
5,336,624
5,337,728
5,338,589
5,339,29
5,340,306
5,341,427
5,342,477
5,343,225
5,344,148
5,345,568
5,346,42
5,347,95
5,348,194
5,349,281
5,350,711
5,351,184
5,352,198
5,353,221
5,354,786
5,355,80
5,356,140
5,357,209
5,358,316
5,359,207
5,360,582
5,361,457
5,362,25
5,363,259
5,364,10
5,365,645
5,366,546
5,367,490
5,368,51
5,369,123
5,370,18
5,371,656
5,372,54
5,373,552
5,374,769
5,375,260
5,376,126
5,377,60
5,378,91
5,379,184
5,380,497
5,381,471
5,382,63
5,383,567
5,384,265
5,385,697
5,386,634
5,387,72
5,388,609
5,389,79
5,390,45
5,391,255
5,392,461
5,393,622
5,394,547
5,395,65
5,396,376
5,397,33
5,398,77
5,399,188
5,400,266
5,401,193
5,402,141
5,403,6
5,404,34
5,405,174
5,406,111
5,407,181
5,408,67
5,409,595
5,410,791
5,411,236
5,412,131
5,413,11
5,414,564
5,415,60
5,416,671
5,417,525
5,418,316
5,419,46
5,420,277
5,421,776
5,422,289
5,423,15
5,424,297
5,425,178
5,426,274
5,427,417
5,428,262
5,429,160
5,430,78
5,431,594
5,432,473
5,433,209
5,434,330
5,435,483
5,436,682
5,437,382
5,438,229
5,439,281
5,440,502
5,441,748
5,442,256
5,443,513
5,444,531
5,445,112
5,446,2
5,447,605
5,448,496
5,449,391
5,450,134
5,451,167
5,452,262
5,453,86
5,454,479
5,455,323
5,456,594
5,457,47
5,458,282
5,459,114
5,460,778
5,461,402
5,462,719
5,463,562
5,464,24
5,465,237
5,466,190
5,467,30
5,468,33
5,469,730
5,470,220
5,471,226
5,472,221
5,473,151
5,474,181
5,475,214
5,476,315
5,477,182
5,478,400
5,479,610
5,480,132
5,481,176
5,482,38
5,483,298
5,484,220
5,485,253
5,486,300
5,487,38
5,488,423
5,489,525
5,490,713
5,491,799
5,492,82
5,493,227
5,494,277
5,495,121
5,496,363
5,497,114
5,498,405
5,499,496
5,500,214
6,1,92
6,2,242
6,3,210
6,4,761
6,5,328
6,6,734
6,7,237
6,8,436
6,9,423
6,10,249
6,11,280
6,12,500
6,13,237
6,14,300
6,15,237
6,16,28
6,17,36
6,18,179
6,19,515
6,20,267
6,21,760
6,22,337
6,23,408
6,24,21
6,25,128
6,26,101
6,27,212
6,28,6
6,29,57
6,30,521
6,31,257
6,32,311
6,33,489
6,34,321
6,35,31
6,36,197
6,37,144
6,38,308
6,39,252
6,40,29
6,41,525
6,42,330
6,43,3
6,44,77
6,45,319
6,46,218
6,47,773
6,48,368
6,49,647
6,50,252
6,51,203
6,52,298
6,53,138
6,54,232
6,55,88
6,56,137
6,57,90
6,58,178
6,59,185
6,60,191
6,61,217
6,62,99
6,63,659
6,64,583
6,65,645
6,66,184
6,67,185
6,68,589
6,69,687
6,70,533
6,71,221
6,72,489
6,73,145
6,74,307
6,75,113
6,76,416
6,77,105
6,78,228
6,79,133
6,80,157
6,81,113
6,82,562
6,83,694
6,84,680
6,85,261
6,86,788
6,87,319
6,88,540
6,89,192
6,90,114
6,91,99
6,92,161
6,93,177
6,94,297
6,95,240
6,96,608
6,97,336
6,98,671
6,99,90
6,100,325
6,101,5
6,102,152
6,103,67
6,104,211
6,105,310
6,106,117
6,107,48
6,108,270
6,109,116
6,110,430
6,111,93
6,112,145
6,113,27
6,114,77
6,115,723
6,116,232
6,117,84
6,118,591
6,119,444
6,120,103
6,121,122
6,122,222
6,123,153
6,124,282
6,125,126
6,126,524
6,127,539
6,128,231
6,129,271
6,130,87
6,131,292
6,132,498
6,133,142
6,134,679
6,135,457
6,136,763
6,137,682
6,138,68
6,139,230
6,140,253
6,141,81
6,142,218
6,143,35
6,144,258
6,145,50
6,146,792
6,147,591
6,148,37
6,149,42
6,150,4
6,151,43
6,152,661
6,153,266
6,154,276
6,155,757
6,156,298
6,157,759
6,158,207
6,159,330
6,160,360
6,161,253
6,162,106
6,163,525
6,164,146
6,165,550
6,166,335
6,167,204
6,168,180
6,169,47
6,170,106
6,171,532
6,172,199
6,173,169
6,174,170
6,175,147
6,176,501
6,177,42
6,178,169
6,179,534
6,180,669
6,181,689
6,182,425
6,183,543
6,184,23
6,185,237
6,186,230
6,187,184
6,188,200
6,189,538
6,190,158
6,191,407
6,192,349
6,193,504
6,194,77
6,195,766
6,196,59
6,197,250
6,198,29
6,199,26
6,200,107
6,201,440
6,202,464
6,203,241
6,204,247
6,205,472
6,206,696
6,207,736
6,208,106
6,209,254
6,210,21
6,211,424
6,212,271
6,213,304
6,214,114
6,215,784
6,216,209
6,217,35
6,218,269
6,219,294
6,220,190
6,221,417
6,222,571
6,223,674
6,224,542
6,225,61
6,226,172
6,227,144
6,228,58
6,229,184
6,230,208
6,231,285
6,232,517
6,233,129
6,234,250
6,235,661
6,236,26
6,237,432
6,238,48
6,239,203
6,240,152
6,241,370
6,242,75
6,243,205
6,244,583
6,245,398
6,246,238
6,247,62
6,248,646
6,249,170
6,250,511
6,251,572
6,252,325
6,253,223
6,254,223
6,255,295
6,256,551
6,257,48
6,258,704
6,259,357
6,260,51
6,261,20
6,262,596
6,263,693
6,264,2
6,265,302
6,266,163
6,267,567
6,268,162
6,269,299
6,270,573
6,271,141
6,272,221
6,273,291
6,274,333
6,275,212
6,276,111
6,277,58
6,278,677
6,279,248
6,280,88
6,281,178
6,282,711
6,283,111
6,284,212
6,285,249
6,286,669
6,287,5
6,288,192
6,289,662
6,290,40
6,291,520
6,292,72
6,293,618
6,294,179
6,295,721
6,296,43
6,297,434
6,298,66
6,299,599
6,300,259
6,301,274
6,302,247
6,303,757
6,304,569
6,305,344
6,306,593
6,307,287
6,308,116
6,309,159
6,310,473
6,311,402
6,312,599
6,313,188
6,314,137
6,315,755
6,316,95
6,317,202
6,318,3
6,319,477
6,320,779
6,321,792
6,322,69
6,323,126
6,324,24
6,325,739
6,326,218
6,327,638
6,328,312
6,329,774
6,330,434
6,331,269
6,332,275
6,333,136
6,334,536
6,335,512
6,336,148
6,337,363
6,338,612
6,339,8
6,340,577
6,341,87
6,342,210
6,343,736
6,344,105
6,345,407
6,346,115
6,347,797
6,348,436
6,349,759
6,350,775
6,351,217
6,352,315
6,353,377
6,354,355
6,355,433
6,356,799
6,357,12
6,358,22
6,359,395
6,360,68
6,361,46
6,362,209
6,363,140
6,364,785
6,365,623
6,366,221
6,367,152
6,368,570
6,369,293
6,370,181
6,371,753
6,372,669
6,373,139
6,374,315
6,375,600
6,376,267
6,377,292
6,378,200
6,379,784
6,380,105
6,381,229
6,382,93
6,383,74
6,384,194
6,385,129
6,386,126
6,387,146
6,388,672
6,389,92
6,390,278
6,391,597
6,392,452
6,393,481
6,394,186
6,395,283
6,396,650
6,397,274
6,398,51
6,399,416
6,400,546
6,401,77
6,402,780
6,403,17
6,404,188
6,405,247
6,406,238
6,407,196
6,408,281
6,409,735
6,410,192
6,411,749
6,412,165
6,413,522
6,414,610
6,415,355
6,416,198
6,417,66
6,418,499
6,419,335
6,420,796
6,421,26
6,422,698
6,423,713
6,424,194
6,425,564
6,426,270
6,427,57
6,428,135
6,429,746
6,430,195
6,431,264
6,432,78
6,433,100
6,434,66
6,435,222
6,436,20
6,437,181
6,438,14
6,439,277
6,440,183
6,441,16
6,442,643
6,443,82
6,444,267
6,445,797
6,446,657
6,447,675
6,448,438
6,449,634
6,450,127
6,451,91
6,452,167
6,453,533
6,454,300
6,455,457
6,456,373
6,457,511
6,458,467
6,459,656
6,460,234
6,461,195
6,462,406
6,463,154
6,464,213
6,465,318
6,466,36
6,467,393
6,468,131
6,469,269
6,470,203
6,471,571
6,472,127
6,473,259
6,474,80
6,475,20
6,476,640
6,477,36
6,478,711
6,479,3
6,480,205
6,481,14
6,482,293
6,483,523
6,484,117
6,485,26
6,486,594
6,487,38
6,488,227
6,489,241
6,490,408
6,491,720
6,492,511
6,493,59
6,494,60
6,495,224
6,496,173
6,497,779
6,498,237
6,499,272
6,500,70
7,1,317
7,2,130
7,3,674
7,4,262
7,5,572
7,6,763
7,7,400
7,8,88
7,9,207
7,10,258
7,11,693
7,12,699
7,13,144
7,14,574
7,15,639
7,16,83
7,17,512
7,18,549
7,19,487
7,20,697
7,21,231
7,22,308
7,23,703
7,24,369
7,25,729
7,26,31
7,27,14
7,28,86
7,29,132
7,30,57
7,31,608
7,32,212
7,33,297
7,34,226
7,35,246
7,36,86
7,37,129
7,38,60
7,39,127
7,40,231
7,41,246
7,42,740
7,43,306
7,44,381
7,45,199
7,46,162
7,47,755
7,48,334
7,49,319
7,50,117
7,51,232
7,52,382
7,53,169
7,54,303
7,55,685
7,56,91
7,57,629
7,58,271
7,59,340
7,60,18
7,61,461
7,62,127
7,63,180
7,64,129
7,65,131
7,66,760
7,67,190
7,68,556
7,69,213
7,70,233
7,71,79
7,72,196
7,73,765
7,74,619
7,75,187
7,76,663
7,77,58
7,78,170
7,79,237
7,80,65
7,81,59
7,82,269
7,83,36
7,84,751
7,85,448
7,86,11
7,87,26
7,88,220
7,89,470
7,90,86
7,91,310
7,92,84
7,93,361
7,94,250
7,95,71
7,96,351
7,97,432
7,98,76
7,99,218
7,100,250
7,101,674
7,102,671
7,103,759
7,104,351
7,105,79
7,106,265
7,107,129
7,108,33
7,109,469
7,110,123
7,111,397
7,112,272
7,113,117
7,114,466
7,115,244
7,116,381
7,117,160
7,118,384
7,119,207
7,120,497
7,121,192
7,122,381
7,123,464
7,124,105
7,125,203
7,126,220
7,127,241
7,128,226
7,129,169
7,130,258
7,131,164
7,132,465
7,133,683
7,134,569
7,135,250
7,136,455
7,137,220
7,138,204
7,139,530
7,140,97
7,141,174
7,142,444
7,143,518
7,144,619
7,145,170
7,146,418
7,147,226
7,148,175
7,149,300
7,150,346
7,151,175
7,152,132
7,153,261
7,154,708
7,155,369
7,156,96
7,157,182
7,158,158
7,159,747
7,160,286
7,161,612
7,162,279
7,163,31
7,164,377
7,165,549
7,166,207
7,167,620
7,168,574
7,169,93
7,170,336
7,171,84
7,172,296
7,173,162
7,174,416
7,175,254
7,176,721
7,177,479
7,178,268
7,179,319
7,180,341
7,181,61
7,182,341
7,183,697
7,184,293
7,185,79
7,186,172
7,187,81
7,188,683
7,189,589
7,190,266
7,191,182
7,192,278
7,193,72
7,194,757
7,195,672
7,196,715
7,197,282
7,198,579
7,199,669
7,200,83
7,201,73
7,202,235
7,203,200
7,204,777
7,205,297
7,206,59
7,207,554
7,208,570
7,209,442
7,210,184
7,211,437
7,212,222
7,213,249
7,214,223
7,215,665
7,216,277
7,217,55
7,218,74
7,219,462
7,220,209
7,221,253
7,222,655
7,223,562
7,224,724
7,225,212
7,226,569
7,227,175
7,228,789
7,229,269
7,230,316
7,231,241
7,232,234
7,233,414
7,234,62
7,235,750
7,236,334
7,237,419
7,238,533
7,239,145
7,240,54
7,241,126
7,242,214
7,243,686
7,244,517
7,245,445
7,246,306
7,247,239
7,248,128
7,249,19
7,250,501
7,251,352
7,252,165
7,253,736
7,254,209
7,255,191
7,256,541
7,257,573
7,258,212
7,259,633
7,260,786
7,261,25
7,262,82
7,263,623
7,264,135
7,265,327
7,266,221
7,267,26
7,268,242
7,269,545
7,270,56
7,271,180
7,272,76
7,273,36
7,274,135
7,275,502
7,276,267
7,277,149
7,278,84
7,279,114
7,280,531
7,281,281
7,282,634
7,283,333
7,284,709
7,285,331
7,286,71
7,287,781
7,288,41
7,289,449
7,290,233
7,291,362
7,292,578
7,293,254
7,294,71
7,295,200
7,296,346
7,297,19
7,298,392
7,299,274
7,300,567
7,301,526
7,302,129
7,303,168
7,304,156
7,305,152
7,306,533
7,307,182
7,308,65
7,309,283
7,310,120
7,311,630
7,312,307
7,313,191
7,314,203
7,315,236
7,316,657
7,317,490
7,318,250
7,319,137
7,320,30
7,321,660
7,322,351
7,323,31
7,324,232
7,325,124
7,326,254
7,327,90
7,328,148
7,329,439
7,330,156
7,331,409
7,332,246
7,333,148
7,334,300
7,335,34
7,336,620
7,337,282
7,338,122
7,339,245
7,340,275
7,341,526
7,342,593
7,343,448
7,344,548
7,345,328
7,346,509
7,347,35
7,348,510
7,349,746
7,350,284
7,351,588
7,352,158
7,353,229
7,354,215
7,355,484
7,356,674
7,357,220
7,358,797
7,359,193
7,360,437
7,361,388
7,362,488
7,363,191
7,364,130
7,365,662
7,366,108
7,367,521
7,368,28
7,369,547
7,370,337
7,371,235
7,372,144
7,373,88
7,374,475
7,375,128
7,376,663
7,377,410
7,378,289
7,379,187
7,380,71
7,381,445
7,382,25
7,383,586
7,384,170
7,385,217
7,386,440
7,387,774
7,388,672
7,389,181
7,390,281
7,391,763
7,392,107
7,393,326
7,394,163
7,395,110
7,396,179
7,397,524
7,398,438
7,399,265
7,400,794
7,401,372
7,402,66
7,403,317
7,404,387
7,405,112
7,406,100
7,407,674
7,408,347
7,409,133
7,410,408
7,411,405
7,412,70
7,413,32
7,414,206
7,415,386
7,416,240
7,417,48
7,418,434
7,419,590
7,420,792
7,421,384
7,422,99
7,423,353
7,424,75
7,425,113
7,426,121
7,427,154
7,428,715
7,429,368
7,430,125
7,431,17
7,432,579
7,433,211
7,434,4
7,435,155
7,436,158
7,437,710
7,438,109
7,439,148
7,440,717
7,441,288
7,442,165
7,443,331
7,444,153
7,445,191
7,446,250
7,447,170
7,448,200
7,449,101
7,450,412
7,451,286
7,452,64
7,453,640
7,454,81
7,455,191
7,456,578
7,457,38
7,458,769
7,459,219
7,460,305
7,461,131
7,462,762
7,463,248
7,464,452
7,465,711
7,466,144
7,467,765
7,468,565
7,469,187
7,470,291
7,471,517
7,472,198
7,473,541
7,474,143
7,475,177
7,476,40
7,477,191
7,478,772
7,479,795
7,480,24
7,481,319
7,482,148
7,483,294
7,484,425
7,485,5
7,486,300
7,487,63
7,488,39
7,489,89
7,490,2
7,491,119
7,492,213
7,493,798
7,494,655
7,495,48
7,496,755
7,497,3
7,498,781
7,499,194
7,500,205
8,1,644
8,2,429
8,3,706
8,4,635
8,5,65
8,6,164
8,7,217
8,8,292
8,9,603
8,10,625
8,11,576
8,12,664
8,13,180
8,14,199
8,15,751
8,16,480
8,17,246
8,18,15
8,19,292
8,20,507
8,21,204
8,22,131
8,23,103
8,24,512
8,25,102
8,26,448
8,27,256
8,28,139
8,29,562
8,30,295
8,31,767
8,32,111
8,33,37
8,34,305
8,35,231
8,36,692
8,37,151
8,38,442
8,39,180
8,40,168
8,41,343
8,42,185
8,43,256
8,44,501
8,45,117
8,46,164
8,47,651
8,48,179
8,49,597
8,50,82
8,51,227
8,52,193
8,53,542
8,54,364
8,55,392
8,56,599
8,57,799
8,58,29
8,59,52
8,60,303
8,61,45
8,62,293
8,63,719
8,64,623
8,65,107
8,66,635
8,67,382
8,68,170
8,69,203
8,70,663
8,71,697
8,72,657
8,73,34
8,74,276
8,75,229
8,76,670
8,77,245
8,78,304
8,79,66
8,80,252
8,81,190
8,82,218
8,83,786
8,84,761
8,85,414
8,86,228
8,87,7
8,88,195
8,89,7
8,90,322
8,91,254
8,92,22
8,93,119
8,94,681
8,95,265
8,96,4
8,97,11
8,98,101
8,99,445
8,100,393
8,101,162
8,102,17
8,103,244
8,104,220
8,105,200
8,106,91
8,107,122
8,108,592
8,109,93
8,110,510
8,111,605
8,112,43
8,113,467
8,114,761
8,115,416
8,116,774
8,117,70
8,118,42
8,119,563
8,120,628
8,121,597
8,122,691
8,123,552
8,124,101
8,125,265
8,126,306
8,127,767
8,128,592
8,129,621
8,130,143
8,131,454
8,132,91
8,133,157
8,134,35
8,135,132
8,136,474
8,137,351
8,138,728
8,139,317
8,140,198
8,141,719
8,142,4
8,143,124
8,144,159
8,145,603
8,146,450
8,147,266
8,148,294
8,149,142
8,150,281
8,151,33
8,152,187
8,153,63
8,154,587
8,155,240
8,156,482
8,157,435
8,158,233
8,159,531
8,160,215
8,161,138
8,162,157
8,163,200
8,164,796
8,165,34
8,166,237
8,167,553
8,168,81
8,169,53
8,170,150
8,171,494
8,172,129
8,173,163
8,174,169
8,175,233
8,176,692
8,177,294
8,178,123
8,179,528
8,180,108
8,181,179
8,182,21
8,183,60
8,184,174
8,185,504
8,186,198
8,187,245
8,188,439
8,189,263
8,190,197
8,191,253
8,192,121
8,193,70
8,194,8
8,195,22
8,196,176
8,197,89
8,198,19
8,199,89
8,200,543
8,201,625
8,202,171
8,203,595
8,204,272
8,205,783
8,206,27
8,207,299
8,208,172
8,209,278
8,210,612
8,211,123
8,212,403
8,213,664
8,214,77
8,215,52
8,216,173
8,217,625
8,218,20
8,219,156
8,220,737
8,221,263
8,222,80
8,223,799
8,224,416
8,225,205
8,226,481
8,227,118
8,228,109
8,229,800
8,230,198
8,231,288
8,232,748
8,233,57
8,234,124
8,235,510
8,236,623
8,237,331
8,238,702
8,239,363
8,240,646
8,241,72
8,242,209
8,243,163
8,244,111
8,245,615
8,246,142
8,247,785
8,248,278
8,249,46
8,250,58
8,251,612
8,252,586
8,253,208
8,254,23
8,255,15
8,256,143
8,257,8
8,258,158
8,259,152
8,260,53
8,261,186
8,262,721
8,263,477
8,264,504
8,265,739
8,266,679
8,267,532
8,268,759
8,269,554
8,270,665
8,271,68
8,272,157
8,273,125
8,274,353
8,275,561
8,276,265
8,277,210
8,278,591
8,279,537
8,280,304
8,281,39
8,282,13
8,283,127
8,284,197
8,285,177
8,286,249
8,287,245
8,288,40
8,289,132
8,290,728
8,291,125
8,292,220
8,293,475
8,294,210
8,295,223
8,296,546
8,297,106
8,298,400
8,299,342
8,300,166
8,301,151
8,302,651
8,303,290
8,304,315
8,305,575
8,306,751
8,307,188
8,308,22
8,309,240
8,310,223
8,311,680
8,312,254
8,313,219
8,314,40
8,315,267
8,316,99
8,317,236
8,318,65
8,319,282
8,320,130
8,321,300
8,322,281
8,323,490
8,324,60
8,325,50
8,326,736
8,327,700
8,328,754
8,329,492
8,330,780
8,331,719
8,332,108
8,333,614
8,334,46
8,335,617
8,336,794
8,337,147
8,338,147
8,339,194
8,340,378
8,341,205
8,342,321
8,343,221
8,344,430
8,345,426
8,346,417
8,347,796
8,348,522
8,349,495
8,350,742
8,351,116
8,352,5
8,353,110
8,354,105
8,355,123
8,356,69
8,357,225
8,358,697
8,359,8
8,360,241
8,361,767
8,362,713
8,363,646
8,364,497
8,365,109
8,366,48
8,367,282
8,368,310
8,369,441
8,370,228
8,371,270
8,372,166
8,373,84
8,374,7
8,375,252
8,376,708
8,377,337
8,378,473
8,379,176
8,380,67
8,381,414
8,382,188
8,383,37
8,384,62
8,385,393
8,386,674
8,387,172
8,388,676
8,389,594
8,390,595
8,391,679
8,392,470
8,393,67
8,394,65
8,395,166
8,396,695
8,397,230
8,398,696
8,399,177
8,400,83
8,401,223
8,402,242
8,403,700
8,404,752
8,405,13
8,406,393
8,407,18
8,408,202
8,409,26
8,410,73
8,411,250
8,412,733
8,413,80
8,414,279
8,415,662
8,416,242
8,417,244
8,418,196
8,419,735
8,420,529
8,421,653
8,422,607
8,423,548
8,424,48
8,425,107
8,426,445
8,427,123
8,428,45
8,429,351
8,430,226
8,431,484
8,432,293
8,433,377
8,434,97
8,435,586
8,436,266
8,437,73
8,438,71
8,439,673
8,440,40
8,441,666
8,442,763
8,443,443
8,444,489
8,445,57
8,446,673
8,447,91
8,448,261
8,449,252
8,450,226
8,451,644
8,452,97
8,453,217
8,454,470
8,455,41
8,456,616
8,457,703
8,458,80
8,459,258
8,460,33
8,461,182
8,462,46
8,463,174
8,464,409
8,465,103
8,466,267
8,467,456
8,468,182
8,469,388
8,470,248
8,471,316
8,472,249
8,473,359
8,474,120
8,475,136
8,476,733
8,477,103
8,478,450
8,479,568
8,480,246
8,481,582
8,482,136
8,483,404
8,484,150
8,485,225
8,486,151
8,487,213
8,488,234
8,489,734
8,490,321
8,491,267
8,492,399
8,493,641
8,494,110
8,495,249
8,496,113
8,497,103
8,498,303
8,499,172
8,500,291
9,1,264
9,2,474
9,3,43
9,4,268
9,5,23
9,6,71
9,7,291
9,8,247
9,9,721
9,10,113
9,11,166
9,12,283
9,13,158
9,14,263
9,15,184
9,16,174
9,17,228
9,18,60
9,19,172
9,20,478
9,21,763
9,22,30
9,23,34
9,24,752
9,25,77
9,26,222
9,27,213
9,28,526
9,29,26
9,30,66
9,31,280
9,32,118
9,33,617
9,34,142
9,35,197
9,36,447
9,37,611
9,38,159
9,39,421
9,40,347
9,41,255
9,42,533
9,43,328
9,44,173
9,45,479
9,46,143
9,47,229
9,48,75
9,49,164
9,50,246
9,51,634
9,52,278
9,53,117
9,54,396
9,55,406
9,56,559
9,57,764
9,58,244
9,59,411
9,60,352
9,61,71
9,62,349
9,63,180
9,64,76
9,65,11
9,66,523
9,67,270
9,68,503
9,69,248
9,70,278
9,71,595
9,72,710
9,73,40
9,74,672
9,75,74
9,76,266
9,77,12
9,78,46
9,79,30
9,80,277
9,81,479
9,82,642
9,83,387
9,84,58
9,85,296
9,86,94
9,87,329
9,88,391
9,89,281
9,90,203
9,91,755
9,92,253
9,93,364
9,94,94
9,95,588
9,96,183
9,97,102
9,98,130
9,99,100
9,100,742
9,101,28
9,102,378
9,103,240
9,104,438
9,105,743
9,106,38
9,107,766
9,108,279
9,109,54
9,110,331
9,111,48
9,112,249
9,113,185
9,114,53
9,115,204
9,116,105
9,117,539
9,118,66
9,119,642
9,120,66
9,121,658
9,122,597
9,123,570
9,124,44
9,125,23
9,126,279
9,127,12
9,128,107
9,129,278
9,130,21
9,131,411
9,132,260
9,133,684
9,134,539
9,135,148
9,136,98
9,137,350
9,138,261
9,139,47
9,140,62
9,141,244
9,142,423
9,143,146
9,144,7
9,145,429
9,146,217
9,147,521
9,148,323
9,149,639
9,150,17
9,151,555
9,152,322
9,153,446
9,154,326
9,155,749
9,156,262
9,157,614
9,158,571
9,159,267
9,160,325
9,161,205
9,162,579
9,163,186
9,164,87
9,165,669
9,166,792
9,167,172
9,168,630
9,169,94
9,170,579
9,171,167
9,172,560
9,173,270
9,174,87
9,175,150
9,176,152
9,177,234
9,178,355
9,179,375
9,180,225
9,181,63
9,182,160
9,183,215
9,184,214
9,185,269
9,186,88
9,187,45
9,188,390
9,189,216
9,190,193
9,191,508
9,192,223
9,193,552
9,194,3
9,195,121
9,196,82
9,197,96
9,198,374
9,199,211
9,200,385
9,201,261
9,202,1
9,203,666
9,204,247
9,205,207
9,206,183
9,207,226
9,208,170
9,209,43
9,210,578
9,211,515
9,212,769
9,213,331
9,214,143
9,215,291
9,216,107
9,217,611
9,218,745
9,219,64
9,220,459
9,221,219
9,222,741
9,223,199
9,224,131
9,225,212
9,226,353
9,227,798
9,228,185
9,229,182
9,230,436
9,231,173
9,232,85
9,233,366
9,234,40
9,235,52
9,236,79
9,237,143
9,238,640
9,239,182
9,240,12
9,241,460
9,242,120
9,243,204
9,244,92
9,245,411
9,246,91
9,247,26
9,248,49
9,249,743
9,250,551
9,251,19
9,252,202
9,253,208
9,254,542
9,255,457
9,256,145
9,257,248
9,258,33
9,259,285
9,260,185
9,261,112
9,262,150
9,263,45
9,264,641
9,265,559
9,266,299
9,267,726
9,268,18
9,269,215
9,270,781
9,271,174
9,272,202
9,273,278
9,274,663
9,275,138
9,276,173
9,277,255
9,278,230
9,279,684
9,280,284
9,281,354
9,282,183
9,283,291
9,284,561
9,285,423
9,286,453
9,287,44
9,288,329
9,289,148
9,290,558
9,291,493
9,292,151
9,293,637
9,294,97
9,295,208
9,296,795
9,297,178
9,298,207
9,299,44
9,300,105
9,301,443
9,302,513
9,303,184
9,304,607
9,305,225
9,306,363
9,307,191
9,308,410
9,309,201
9,310,270
9,311,352
9,312,19
9,313,142
9,314,22
9,315,281
9,316,165
9,317,288
9,318,644
9,319,744
9,320,540
9,321,277
9,322,87
9,323,480
9,324,669
9,325,158
9,326,9
9,327,558
9,328,93
9,329,223
9,330,256
9,331,60
9,332,106
9,333,97
9,334,700
9,335,95
9,336,121
9,337,442
9,338,702
9,339,139
9,340,637
9,341,312
9,342,109
9,343,230
9,344,15
9,345,207
9,346,10
9,347,55
9,348,230
9,349,664
9,350,133
9,351,621
9,352,556
9,353,546
9,354,102
9,355,612
9,356,38
9,357,557
9,358,240
9,359,279
9,360,351
9,361,139
9,362,1
9,363,24
9,364,247
9,365,263
9,366,245
9,367,32
9,368,145
9,369,347
9,370,150
9,371,205
9,372,127
9,373,561
9,374,781
9,375,504
9,376,310
9,377,194
9,378,305
9,379,682
9,380,688
9,381,763
9,382,766
9,383,432
9,384,600
9,385,155
9,386,671
9,387,133
9,388,44
9,389,66
9,390,43
9,391,98
9,392,67
9,393,125
9,394,287
9,395,285
9,396,262
9,397,288
9,398,543
9,399,378
9,400,99
9,401,195
9,402,181
9,403,144
9,404,500
9,405,396
9,406,492
9,407,79
9,408,18
9,409,589
9,410,130
9,411,47
9,412,97
9,413,226
9,414,111
9,415,108
9,416,253
9,417,696
9,418,729
9,419,161
9,420,204
9,421,288
9,422,208
9,423,469
9,424,179
9,425,771
9,426,453
9,427,621
9,428,556
9,429,26
9,430,441
9,431,520
9,432,22
9,433,663
9,434,29
9,435,89
9,436,157
9,437,624
9,438,757
9,439,199
9,440,127
9,441,94
9,442,746
9,443,495
9,444,583
9,445,463
9,446,321
9,447,161
9,448,71
9,449,200
9,450,454
9,451,539
9,452,10
9,453,199
9,454,240
9,455,516
9,456,3
9,457,454
9,458,18
9,459,102
9,460,219
9,461,79
9,462,574
9,463,280
9,464,4
9,465,191
9,466,228
9,467,337
9,468,747
9,469,124
9,470,667
9,471,261
9,472,504
9,473,198
9,474,653
9,475,699
9,476,76
9,477,580
9,478,364
9,479,587
9,480,142
9,481,175
9,482,41
9,483,156
9,484,370
9,485,744
9,486,11
9,487,23
9,488,71
9,489,198
9,490,52
9,491,55
9,492,23
9,493,571
9,494,160
9,495,670
9,496,202
9,497,376
9,498,548
9,499,52
9,500,567
10,1,494
10,2,289
10,3,5
10,4,62
10,5,111
10,6,697
10,7,454
10,8,44
10,9,244
10,10,720
10,11,172
10,12,274
10,13,727
10,14,289
10,15,722
10,16,267
10,17,194
10,18,424
10,19,395
10,20,83
10,21,158
10,22,491
10,23,619
10,24,259
10,25,146
10,26,192
10,27,470
10,28,148
10,29,297
10,30,389
10,31,200
10,32,488
10,33,706
10,34,281
10,35,480
10,36,118
10,37,13
10,38,253
10,39,285
10,40,705
10,41,170
10,42,76
10,43,479
10,44,592
10,45,254
10,46,105
10,47,420
10,48,52
10,49,299
10,50,130
10,51,401
10,52,113
10,53,210
10,54,163
10,55,215
10,56,297
10,57,77
10,58,24
10,59,41
10,60,740
10,61,561
10,62,142
10,63,132
10,64,85
10,65,18
10,66,781
10,67,527
10,68,187
10,69,252
10,70,751
10,71,741
10,72,602
10,73,401
10,74,395
10,75,335
10,76,734
10,77,4
10,78,495
10,79,221
10,80,154
10,81,749
10,82,626
10,83,169
10,84,9
10,85,620
10,86,95
10,87,116
10,88,276
10,89,243
10,90,122
10,91,388
10,92,93
10,93,85
10,94,17
10,95,169
10,96,180
10,97,619
10,98,245
10,99,152
10,100,441
10,101,120
10,102,231
10,103,111
10,104,154
10,105,184
10,106,353
10,107,281
10,108,583
10,109,698
10,110,592
10,111,572
10,112,42
10,113,230
10,114,286
10,115,252
10,116,361
10,117,34
10,118,799
10,119,150
10,120,7
10,121,368
10,122,384
10,123,325
10,124,566
10,125,242
10,126,255
10,127,136
10,128,83
10,129,19
10,130,74
10,131,355
10,132,293
10,133,96
10,134,657
10,135,121
10,136,86
10,137,719
10,138,640
10,139,112
10,140,267
10,141,626
10,142,112
10,143,251
10,144,288
10,145,49
10,146,607
10,147,434
10,148,163
10,149,143
10,150,764
10,151,205
10,152,569
10,153,205
10,154,223
10,155,555
10,156,414
10,157,213
10,158,225
10,159,243
10,160,737
10,161,771
10,162,724
10,163,120
10,164,104
10,165,294
10,166,154
10,167,447
10,168,379
10,169,61
10,170,53
10,171,160
10,172,173
10,173,106
10,174,247
10,175,43
10,176,269
10,177,162
10,178,260
10,179,724
10,180,432
10,181,493
10,182,331
10,183,160
10,184,569
10,185,53
10,186,78
10,187,644
10,188,97
10,189,310
10,190,567
10,191,519
10,192,309
10,193,2
10,194,224
10,195,322
10,196,469
10,197,267
10,198,41
10,199,602
10,200,467
10,201,732
10,202,120
10,203,175
10,204,238
10,205,434
10,206,116
10,207,708
10,208,63
10,209,526
10,210,551
10,211,612
10,212,229
10,213,192
10,214,243
10,215,204
10,216,0
10,217,145
10,218,41
10,219,82
10,220,351
10,221,102
10,222,105
10,223,225
10,224,23
10,225,23
10,226,96
10,227,413
10,228,61
10,229,238
10,230,96
10,231,42
10,232,800
10,233,270
10,234,235
10,235,563
10,236,327
10,237,531
10,238,504
10,239,220
10,240,587
10,241,242
10,242,582
10,243,434
10,244,572
10,245,466
10,246,207
10,247,254
10,248,517
10,249,271
10,250,298
10,251,660
10,252,474
10,253,489
10,254,52
10,255,219
10,256,511
10,257,376
10,258,125
10,259,567
10,260,334
10,261,106
10,262,125
10,263,57
10,264,39
10,265,136
10,266,125
10,267,42
10,268,383
10,269,9
10,270,95
10,271,6
10,272,587
10,273,636
10,274,220
10,275,755
10,276,28
10,277,161
10,278,304
10,279,22
10,280,667
10,281,272
10,282,54
10,283,176
10,284,180
10,285,718
10,286,710
10,287,386
10,288,330
10,289,285
10,290,206
10,291,287
10,292,64
10,293,598
10,294,429
10,295,661
10,296,116
10,297,177
10,298,118
10,299,776
10,300,596
10,301,34
10,302,319
10,303,109
10,304,21
10,305,161
10,306,234
10,307,279
10,308,723
10,309,765
10,310,562
10,311,42
10,312,151
10,313,221
10,314,362
10,315,175
10,316,437
10,317,100
10,318,75
10,319,73
10,320,694
10,321,16
10,322,103
10,323,337
10,324,738
10,325,53
10,326,589
10,327,50
10,328,137
10,329,72
10,330,512
10,331,151
10,332,217
10,333,187
10,334,91
10,335,289
10,336,226
10,337,430
10,338,293
10,339,560
10,340,589
10,341,219
10,342,267
10,343,128
10,344,772
10,345,497
10,346,186
10,347,265
10,348,45
10,349,503
10,350,161
10,351,432
10,352,146
10,353,209
10,354,800
10,355,178
10,356,81
10,357,464
10,358,250
10,359,206
10,360,277
10,361,214
10,362,225
10,363,255
10,364,52
10,365,160
10,366,144
10,367,158
10,368,700
10,369,291
10,370,705
10,371,74
10,372,491
10,373,255
10,374,75
10,375,235
10,376,706
10,377,725
10,378,15
10,379,163
10,380,5
10,381,115
10,382,796
10,383,596
10,384,183
10,385,382
10,386,5
10,387,41
10,388,566
10,389,711
10,390,240
10,391,345
10,392,52
10,393,208
10,394,605
10,395,4
10,396,213
10,397,336
10,398,211
10,399,414
10,400,237
10,401,200
10,402,22
10,403,539
10,404,12
10,405,678
10,406,99
10,407,629
10,408,67
10,409,770
10,410,149
10,411,84
10,412,758
10,413,74
10,414,14
10,415,384
10,416,39
10,417,743
10,418,369
10,419,11
10,420,641
10,421,798
10,422,58
10,423,543
10,424,196
10,425,240
10,426,123
10,427,222
10,428,13
10,429,288
10,430,19
10,431,769
10,432,555
10,433,702
10,434,724
10,435,95
10,436,389
10,437,23
10,438,44
10,439,96
10,440,438
10,441,110
10,442,739
10,443,345
10,444,126
10,445,113
10,446,174
10,447,297
10,448,214
10,449,120
10,450,71
10,451,264
10,452,554
10,453,154
10,454,505
10,455,404
10,456,169
10,457,470
10,458,61
10,459,511
10,460,103
10,461,59
10,462,157
10,463,458
10,464,344
10,465,651
10,466,71
10,467,124
10,468,574
10,469,298
10,470,231
10,471,93
10,472,19
10,473,166
10,474,45
10,475,26
10,476,695
10,477,63
10,478,308
10,479,25
10,480,512
10,481,69
10,482,37
10,483,157
10,484,99
10,485,282
10,486,336
10,487,641
10,488,88
10,489,209
10,490,761
10,491,447
10,492,529
10,493,177
10,494,570
10,495,441
10,496,564
10,497,86
10,498,131
10,499,111
10,500,523
